url,name,title,description
https://i.pinimg.com/474x/a1/e1/d1/a1e1d198eefe890dbe35289b99108326.jpg,a1e1d198eefe890dbe35289b99108326.jpg,,
https://i.pinimg.com/474x/5e/2b/6f/5e2b6f219f0628455e0dc66656477403.jpg,5e2b6f219f0628455e0dc66656477403.jpg,Beach Bliss Maxi Dress,"Crinkly maxi dress from our Endless Summer collection featuring crochet trim.  Off-the-shoulder silhouette Elastic neckline and waistband V-neckline Button closures down the front Bell sleeves Layered skirt  Whether you live the beach lifestyle year-round or dream of making the great escape, the Endless Summer collection is full of our most effortlessly ethereal styles under the sun.  Machine Wash Cold  Import"
https://i.pinimg.com/474x/6e/5f/b0/6e5fb0340e27576213b65327000952c7.jpg,6e5fb0340e27576213b65327000952c7.jpg,,
https://i.pinimg.com/474x/fb/a7/67/fba7677d9f781e6fd4c75996c47d70ff.jpg,fba7677d9f781e6fd4c75996c47d70ff.jpg,Summer Maxi Skirt Outfit,Shannon Jenkins from Florida fashion blog Upbeat Soles styles a summer casual outfit with Chicwish floral yellow maxi skirt and off the shoulder peasant top
https://i.pinimg.com/474x/30/85/f7/3085f7b8210fe33626412d7523524bba.jpg,3085f7b8210fe33626412d7523524bba.jpg,Dicas de como se vestir no ver√£o: 40 looks incr√≠veis para usar nos dias mais quentes,"Sei que muitas de voc√™s tem d√∫vidas de como se vestir no ver√£o ‚Äì afinal, na maior parte do Brasil o calorz√£o da temporada √© de nos fazer derreter ao longo do dia. Separei ent√£o v√°rias dicas de looks de ver√£o com 40 inspira√ß√µes deusas vindas de v√°rias fashionistas gringas e brazucas tamb√©m. Para favoritar, salvar na sua pastinha de looks do Pinterest e se inspirar sempre que bater aquela d√∫vida de como se vestir nos dias mais quentes. Bora conferir? 5 dicas de como se vestir no ver√£o: 1. Aposte em tecidos leves, confort√°veis e preferencialmente de fibras naturais. Enquanto os tecidos sint√©ticos ret√©m o calor, os tecidos com fibras naturais como os de algod√£o e os de linho permitem que a gente transpire melhor trazendo bem-estar nos dias de calorz√£o. Entre as op√ß√µes de tecidos naturais est√£o tricolines, crepes e cambraias. 2. Diferente dos looks de inverno, que s√£o ‚Ä¶"
https://i.pinimg.com/474x/b6/10/4f/b6104f59fdc95cac48e4a84fcaef427b.jpg,b6104f59fdc95cac48e4a84fcaef427b.jpg,,
https://i.pinimg.com/474x/92/a1/f6/92a1f6fd8e7f35b05be303b4f4909839--boating-outfit-sailing-outfit.jpg,92a1f6fd8e7f35b05be303b4f4909839--boating-outfit-sailing-outfit.jpg,,
https://i.pinimg.com/474x/2c/cc/84/2ccc846405b1564733e6c33a0b85b20d--curls-positano-italy.jpg,2ccc846405b1564733e6c33a0b85b20d--curls-positano-italy.jpg,,
https://i.pinimg.com/474x/fd/eb/f3/fdebf3fe374a678ddfff862819dc5feb.jpg,fdebf3fe374a678ddfff862819dc5feb.jpg,,
https://i.pinimg.com/474x/a4/10/ef/a410ef6a71cc34060286dbda14f90b93.jpg,a410ef6a71cc34060286dbda14f90b93.jpg,Hawthorne Pant - Beige,"DETAILS high waisted elasticised ruffle waistband drawstring waist tie side pockets unlined material - linen/cotton SIZING model is 5' 6"" and wears a Size 2 model stats: bust - 30"", waist - 22.5"", hips - 36"" GARMENT CARE cold hand wash separately"
https://i.pinimg.com/474x/c7/ce/56/c7ce5680eac1c612399e7ac4f8ec562d.jpg,c7ce5680eac1c612399e7ac4f8ec562d.jpg,60 Hairstyles Featuring Dark Brown Hair with Highlights,"#2: Brown Balayage for Black Hair If you have long black hair, think about adding some highlights to give it lots of texture and emphasize your beautiful layered mane. Also, for a glossier and more glamorous look, you can use a conical iron to create those beautiful curls."
https://i.pinimg.com/474x/75/51/2a/75512a6cdb119051c00c3b697af12533.jpg,75512a6cdb119051c00c3b697af12533.jpg,60 Chocolate Brown Hair Color Ideas for Brunettes,#16: Choppy Black Hair with Brown Balayage Dark chocolate brown hair becomes even more gorgeous when set off by black. Wavy locks look like a waterfall of soft color when worn down ‚Äì loose and flowing.
https://i.pinimg.com/474x/81/3d/c7/813dc7225f38c80787c678e5162b80c2.jpg,813dc7225f38c80787c678e5162b80c2.jpg,,
https://i.pinimg.com/474x/70/9f/12/709f121dd3b1e76240e4d82726d39c09.jpg,709f121dd3b1e76240e4d82726d39c09.jpg,133 stylish new year outfits ideas to rock your parties - page 1,133 stylish new year outfits ideas to rock your parties ‚Äì page 1
https://i.pinimg.com/474x/c2/02/62/c2026227c73efedead82fa359e1a39c9.jpg,c2026227c73efedead82fa359e1a39c9.jpg,40 Summer Travel Outfits to Make you Feel Comfy,"Summer season is almost here, and now it is the perfect time for us to get inspired by some fabulous travel outfits worn by bloggers and It-girls."
https://i.pinimg.com/474x/7b/60/b6/7b60b6f7c6a0937a40dd6a38983cfcd9.jpg,7b60b6f7c6a0937a40dd6a38983cfcd9.jpg,,
https://i.pinimg.com/474x/0a/50/88/0a50884be38482c65831b29df59a37c6.jpg,0a50884be38482c65831b29df59a37c6.jpg,20+ Affordable Athleisure Looks to Copy,"Shop The Look Sports Bra: Here / Leggings: Here / Sweater: Here I'm going to be honest: I wear leggings 90% of the time. Unless I have an event or dinner to go to, I"
https://i.pinimg.com/474x/32/c9/7d/32c97d0e6a125f3ba99d8ea5984dc9ec.jpg,32c97d0e6a125f3ba99d8ea5984dc9ec.jpg,36 Adidas Pants Outfit Ideas: Super Combo Of Comfort And Beauty,Adidas is no longer a brand of sportive outfits; it‚Äôs a whole generation that embraces stylishness and comfort. Do you know how many awesome looks your Adidas pants outfit can offer to you? Let us show you some!
https://i.pinimg.com/474x/b0/a5/e5/b0a5e576d89c6a5e281ed6b6d8cf2136.jpg,b0a5e576d89c6a5e281ed6b6d8cf2136.jpg,4 ways to workout with your kids,"A few months ago, I shared how I balance being a mom and staying fit. It‚Äôs honestly one of my most-asked questions, so I thought I‚Äôd revisit the topic."
https://i.pinimg.com/474x/b2/5f/a5/b25fa59a7f4a174e96263e072ff2dc5d.jpg,b25fa59a7f4a174e96263e072ff2dc5d.jpg,,
https://i.pinimg.com/474x/f7/b4/c5/f7b4c54d043c50a539d6c5b6fe3df216.jpg,f7b4c54d043c50a539d6c5b6fe3df216.jpg,classic summer staples under $100,"Summer is officially upon us and the heat is REAL in Dallas y‚Äôall! I was born and raised in Texas but Michael and I moved to Colorado for 3 years and just moved back this past February. So, this is our first summer back in Texas in a while and I‚Äôll be honest‚Ä¶I have become [‚Ä¶]"
https://i.pinimg.com/474x/ad/f4/4f/adf44f277713b58d901f8b3e8c2d2f18.jpg,adf44f277713b58d901f8b3e8c2d2f18.jpg,BEST OF SHOPBOP BUY MORE SAVE MORE SALE 2019,TODAY is a great day in the retail world! Shopbop is having their huge Buy More Save More Sale. I get so excited for this sale. It only happens a few times a year and it‚Äôs the perfect time to stock up on those items you‚Äôve been eye- like this pair of Golden Goose Sneakers! Use code GOBIG19 for‚Ä¶ 15% off orders of $200+20% off orders of $500+25% off orders of $800+‚ÄãNow thru March 2nd!‚Ä¶including sale items! Below are some of my top finds from the sale!‚Äã01// Jumpsuit 02// Luna Clutch 03// Animal Print Slides 04// Sunglasses 05// Necklace 06// [‚Ä¶]
https://i.pinimg.com/474x/9c/0e/8a/9c0e8a6ed38c198e41a6e669cc54f2ba.jpg,9c0e8a6ed38c198e41a6e669cc54f2ba.jpg,"This Summer Outfit With Paperbag Shorts Looks Expensive, But Costs Just $75","Paperbag shorts are a great summer staple. These high-waisted linen paperbag shorts look expensive, but cost just $30! Score the entire look for under $100."
https://i.pinimg.com/474x/5a/a6/f7/5aa6f7be69ad95e498032e0d1b9f7a5d.jpg,5aa6f7be69ad95e498032e0d1b9f7a5d.jpg,How to Style Espadrille Wedges,"Ok, I'm am ridiculously late to the party on espadrille wedges. But this spring wedges are pretty much all I'm wearing - I mean, when I'm not wearing sneakers or Birkenstocks because #momlife. So here are some outfit ideas for how to style espadrille wedges for spring and summer."
https://i.pinimg.com/474x/70/6a/c7/706ac7734c8c61242d6228bc698530be--streetstyle-spring-summer.jpg,706ac7734c8c61242d6228bc698530be--streetstyle-spring-summer.jpg,,
https://i.pinimg.com/474x/ea/64/ff/ea64ffa240a4ff162b508a8730d52378.jpg,ea64ffa240a4ff162b508a8730d52378.jpg,"three different styles, one closet","I‚Äôve always felt drawn to several different styles at the same time ‚Äî in interior design, in music, and especially in fashion. Yet over the years, as I‚Äôve honed my personal style,‚Ä¶"
https://i.pinimg.com/474x/65/3e/cf/653ecff32248c2f12f2c629bed2be85c.jpg,653ecff32248c2f12f2c629bed2be85c.jpg,101 Ways to Style a Plain White Tee For Summer,There are a few more options than you'd think.
https://i.pinimg.com/474x/c6/15/cf/c615cf72fbc6ae5859d38c13952a6111--nai-design-model.jpg,c615cf72fbc6ae5859d38c13952a6111--nai-design-model.jpg,Friday Favorites - Touch of Red,"Today I'm talking about a color that I've had a love/hate relationship with for a long time. As many of you know, I had red as an accent color in my family room and kitchen"
https://i.pinimg.com/474x/5e/cd/2a/5ecd2a5f9917099d67fbde1e31dc4734.jpg,5ecd2a5f9917099d67fbde1e31dc4734.jpg,The Perfect Summer Sweater,"I've been living in Jenni Kayne's cotton fisherman sweater this summer! It's lightweight and breathable, and best paired with denim shorts for a classic summer outfit."
https://i.pinimg.com/474x/c6/b6/af/c6b6af52659f2682b5040dc543e569e7--french-style-fashion-striped-outfits.jpg,c6b6af52659f2682b5040dc543e569e7--french-style-fashion-striped-outfits.jpg,20 Outfit Ideas to Have a Striped Look for Summer,"Stripes are one of the famous patterns for styling your outfit. No matter what season it is, stripes will bring you a fashion look. How"
https://i.pinimg.com/474x/6d/e9/20/6de9209b9b293680a4ce74dbef78defb.jpg,6de9209b9b293680a4ce74dbef78defb.jpg,,
https://i.pinimg.com/474x/3e/99/36/3e9936a3bc8e8f7ce6a1f3ffb997da94.jpg,3e9936a3bc8e8f7ce6a1f3ffb997da94.jpg,,
https://i.pinimg.com/474x/06/2f/b5/062fb5835d36af0778a606c7aa5a6bd7.jpg,062fb5835d36af0778a606c7aa5a6bd7.jpg,,
https://i.pinimg.com/474x/19/9f/15/199f15ef058e9a8992bb30b309b28d76--travel-blog-wanderlust.jpg,199f15ef058e9a8992bb30b309b28d76--travel-blog-wanderlust.jpg,,
https://i.pinimg.com/474x/6d/7f/f6/6d7ff6a5bdb8b8bf46512f44603ae0ea.jpg,6d7ff6a5bdb8b8bf46512f44603ae0ea.jpg,10 Most-Loved Products for the Month of May,"Today I'm rounding up my top-selling items for the month of May. There were a few repeats from April's list, as well as a few new items to get you ready for summer! Even though the items were the most‚Ä¶"
https://i.pinimg.com/474x/50/99/ce/5099ce85ea483d404439e05351fc67b0.jpg,5099ce85ea483d404439e05351fc67b0.jpg,Three Ways to Wear A Simple Button Down Top,"Make the most of your closet by wearing one piece multiple ways! This button down works for date night, everyday casual wear, and even for vacation with just a few little changes!"
https://i.pinimg.com/474x/26/0a/03/260a03708207d606f96bb248f04a50d8--summer-cardigan-driftwood-beach.jpg,260a03708207d606f96bb248f04a50d8--summer-cardigan-driftwood-beach.jpg,James Michelle x,"Our friend James Michelle not only makes the perfect custom beach jewelry, but she's also a total babe. She took her Gunn & Swain Driftwood blanket down to the beach one day and snapped a few cute pics for us! Shop James Michelle Jewelry // Shop The Driftwood Beach Blanket"
https://i.pinimg.com/474x/82/11/18/82111805f245e49a105afcc21ac05e8d.jpg,82111805f245e49a105afcc21ac05e8d.jpg,What I Wore: Nevis,"We got back from Nevis earlier this week and are finally starting to feel back in our normal routine. Coming home from vacation is hard! But looking back on our pictures from the trip I'm so thankful for the time away with my family. The memories we made & share together makes the planning, packing & coming home all worth it! Today I'm sharing ""What I Wore"" on our Nevis vacation."
https://i.pinimg.com/474x/db/a2/4c/dba24c95c3f93b6d78695e80a7a2180a.jpg,dba24c95c3f93b6d78695e80a7a2180a.jpg,Outfits Lately + a few fitting room try-ons,"Hello! It‚Äôs been a while since I posted, but the break from posting was quite nice. I still tried to take some pics from my daily outfits. I‚Äôll‚Ä¶"
https://i.pinimg.com/474x/7a/90/f3/7a90f36cfb8d68f2b44142da2d58c121.jpg,7a90f36cfb8d68f2b44142da2d58c121.jpg,,
https://i.pinimg.com/474x/04/5a/07/045a07d57f411584a278207861efca47.jpg,045a07d57f411584a278207861efca47.jpg,Long Sleeves Scoop Pure Color Irregular Pullover Sweater,"This sweater is very stylish. Round neck design makes you look very honest. If you wear it, high quality fabrics make you feel comfortable and enjoyable. Material: Cotton Size: S, M, L, XL Colors: Brown Collar: Scoop Sleeve: Long Sleeves Length: Regular Pattern: Pure Color Style: Fashion, Sexy Occasion: Casual, Party, Street"
https://i.pinimg.com/474x/80/4d/de/804dde31971547dc36140bd157882c86.jpg,804dde31971547dc36140bd157882c86.jpg,A New Handbag to Wear This Spring,"My style is usually defined by sleek and modern neutrals that compliment each other perpetually. That‚Äôs why I‚Äôm adding this Half-Moon Shoulder Bag to my latest collection. Contemporary and sleek, the simple innovation behind the Half-Moon collection designs are a‚Ä¶"
https://i.pinimg.com/474x/24/23/db/2423db7d627ee39b943e07a3c60cdb68.jpg,2423db7d627ee39b943e07a3c60cdb68.jpg,Best of 2018: Most Popular Blog Posts,"Last year, I had so much fun putting together literally every blog post. Today, I'm rounding up the 10 most popular blog posts from 2018!"
https://i.pinimg.com/474x/c9/54/fb/c954fbed8591f9cb75a3b7db6346da8c.jpg,c954fbed8591f9cb75a3b7db6346da8c.jpg,Three Ways to Wear A Simple Button Down Top,"Make the most of your closet by wearing one piece multiple ways! This button down works for date night, everyday casual wear, and even for vacation with just a few little changes!"
https://i.pinimg.com/474x/1c/b5/75/1cb575531521cad8200981376d286170.jpg,1cb575531521cad8200981376d286170.jpg,Ten Outfits You Can Buy From the Express Sale,Express makes the best affordable and stylish pieces. They're who I turn to for inexpensive on-trend denim and wardrobe basics. Shop the Express sale to stock up on classic closet staples.
https://i.pinimg.com/474x/b2/8b/16/b28b16c959a5c4470031e8cdec658fbf.jpg,b28b16c959a5c4470031e8cdec658fbf.jpg,–º–æ–π –º–æ–Ω—Å—Ç—Ä,–£–≤–∏–¥–µ–≤ –µ–≥–æ –Ω–µ–∑–Ω–∞–ª–∞ —á—Ç–æ –≤—Å—ë —Ç–∞–∫ —Å–ª–æ–∂–µ—Ç—å—Å—è..
https://i.pinimg.com/474x/ce/81/d2/ce81d27bd2ac0b2636ed76814db7007c.jpg,ce81d27bd2ac0b2636ed76814db7007c.jpg,,
https://i.pinimg.com/474x/72/9e/06/729e06c89118c81444527f13f0637646.jpg,729e06c89118c81444527f13f0637646.jpg,,
https://i.pinimg.com/474x/89/cf/dc/89cfdc5fd99415e5da06adf89e4ea9b2--festival-outfits-festival-style.jpg,89cfdc5fd99415e5da06adf89e4ea9b2--festival-outfits-festival-style.jpg,,
https://i.pinimg.com/474x/85/95/31/8595313b56f2a5d18027c16c243dc215--perfect-outfit-work-outfits.jpg,8595313b56f2a5d18027c16c243dc215--perfect-outfit-work-outfits.jpg,,
https://i.pinimg.com/474x/da/ec/0e/daec0e4eb58a11d9d3a836f4ff31c96a.jpg,daec0e4eb58a11d9d3a836f4ff31c96a.jpg,40+ Brilliant Summer Outfits To Try Now,"Summer is finally here! Say hello to tanned skin, drinks by the pool, hanging out with your besties, and most importantly, no homework! Whether you‚Äôre..."
https://i.pinimg.com/474x/3e/51/1b/3e511bcf9c71858b59482e37033278ef--spring-college-fashion-everyday-college-outfits-casual.jpg,3e511bcf9c71858b59482e37033278ef--spring-college-fashion-everyday-college-outfits-casual.jpg,10+ Cozy Winter Outfits To Copy ASAP,Explore black v-neck long-sleeved top and gray fur coat. Click to discover these 10+ cozy winter outfits to copy asap
https://i.pinimg.com/474x/f1/e1/2a/f1e12a025a94b8f723d7f700ce39684c--spring-clothes-summer-clothing.jpg,f1e12a025a94b8f723d7f700ce39684c--spring-clothes-summer-clothing.jpg,10+ Cozy Winter Outfits To Copy ASAP,Explore black v-neck long-sleeved top and gray fur coat. Click to discover these 10+ cozy winter outfits to copy asap
https://i.pinimg.com/474x/a7/98/07/a798076af7df84a98863986df2c1da34.jpg,a798076af7df84a98863986df2c1da34.jpg,Trending Cacti,"Guys, cacti are trending and I‚Äôm not even mad about it! I‚Äôve been wearing this tank nonstop but it keeps selling out before I can post about it ‚Äì it‚Äôs finally back in stock so hurry up and get one! Scroll down for outfit details and more of my favorite cactus paraphernalia. Brokedown Cactus Tank (or here!) | Denim Cutoff Shorts (similar) | Seychelles Gladiator Sandals | Rayban Sunglasses | Leather Backpack So. Much. Cactus‚Ä¶! xx Jen"
https://i.pinimg.com/474x/3b/33/8d/3b338d5d95fa1a3731d056fc1979d983--fall-nights-trending-outfits.jpg,3b338d5d95fa1a3731d056fc1979d983--fall-nights-trending-outfits.jpg,What's Trending - 32 Transition Outfits,Click the link in image for detailed outfit information and shop the look! Follow me on Pinterest - Fashion Estate / @styleestate
https://i.pinimg.com/474x/7e/91/ed/7e91edc9ce554a3da3036b4bc256eb6f--boho-summer-outfits-adorable-summer-outfits.jpg,7e91edc9ce554a3da3036b4bc256eb6f--boho-summer-outfits-adorable-summer-outfits.jpg,40+ Outrageously Pretty Summer Outfits,Explore Yellow Floral Dress + Brown Sandals üíõüôåüèº and Brown Hat + White Off The Shoulder Top + Ripped Denim Short üòçüôå. Click to discover these 40+ outrageously pretty summer outfits
https://i.pinimg.com/474x/97/17/85/9717857a2321b1d7082f349c9cf2363f.jpg,9717857a2321b1d7082f349c9cf2363f.jpg,,"Show off your shoulders in the Renna Off Shoulder Romper. This romper is a heat wave fave. Grab a pair of nude sandals and a cute sunhat to make this look complete.  CONTENT & CARE Cotton, Brocade, Rayon Imported Dry Clean Only  DETAILS & FIT Sleeve Length: 9""/22.9 cm  Length: 23""/58.4 cm  Inseam: 1.5""/3.8 cm  Front rise: 21""/53.3 cm  Back rise: 21""/53.3 cm  At leg opening: 14""/35.6 cm Side Pockets Lined  Measured in size Small  Modeled on a size Small.  Model's profile: height 5' 9.5"", bust 32"", waist 22‚Äù, hips 34"""
https://i.pinimg.com/474x/ef/90/0e/ef900e2a4c116617c3027783a5d075b0.jpg,ef900e2a4c116617c3027783a5d075b0.jpg,,"Zoey Floral Print Romper is one to add to your wardrobe. Featuring a plunging neckline and front tie. Wear with wedges and your shades.  CONTENT & CARE Polyester Made in USA Dry Flat  DETAILS & FIT  Length: 30""/76.2 cm  Inseam: 2.5""/6.4 cm  Front rise: 27""/68.6 cm  Back rise: 28""/71.1 cm  At leg opening: 13""/33 cm Lined  Measured in size Small  Modeled on a size Small.  Model's profile: height 5' 9.5"", bust 32"", waist 22‚Äù, hips 34"""
https://i.pinimg.com/474x/0f/46/a2/0f46a2cf693bc1ff007a4c3dffc94a96--southern-belle-style-mauve-color.jpg,0f46a2cf693bc1ff007a4c3dffc94a96--southern-belle-style-mauve-color.jpg,,
https://i.pinimg.com/474x/09/e2/cc/09e2cc84c7d41405bd7bf9e037fd4c35--sexy-dresses-long-dresses.jpg,09e2cc84c7d41405bd7bf9e037fd4c35--sexy-dresses-long-dresses.jpg,,"Show off in the In Mind Rose Print Maxi Dress. Featuring a low back and neckline. Pair with strappy shoes.  CONTENT & CARE Rayon Imported Dry Flat  DETAILS & FIT  Length: 63""/160 cm  Measured in size Small  Ivory Multi modeled on a size Small.  Model's profile: height 5'11"", bust 34"", waist 24‚Äù, hips 35"""
https://i.pinimg.com/474x/a2/d8/96/a2d896c46cfcb3ca2cc6343fe0e065c1--white-skinny-jeans-white-high-waisted-jeans.jpg,a2d896c46cfcb3ca2cc6343fe0e065c1--white-skinny-jeans-white-high-waisted-jeans.jpg,14 stylish spring outfits with white jeans,Take a look at 14 stylish spring outfits with white jeans in the photos below‚Ä¶
https://i.pinimg.com/474x/e8/ef/c8/e8efc82963de64d71bbfa9d946431919.jpg,e8efc82963de64d71bbfa9d946431919.jpg,Hiring Job Tweets,Hiring Job Tweets
https://i.pinimg.com/474x/0e/88/d3/0e88d372ca8d73e56ee7caed32d04947--spring-street-style-hot-outfits.jpg,0e88d372ca8d73e56ee7caed32d04947--spring-street-style-hot-outfits.jpg,40 Lovely Spring Street Style Outfit Ideas,Explore #spring #street #style #outfit #ideas | Floral Duster + Basics + Pink Heels and #spring #street #style #outfit #ideas | Blue OTS Top + White Pants. Click to discover these 40 lovely spring street style outfit ideas
https://i.pinimg.com/474x/0b/75/c1/0b75c1ec3aaf7560bee76c66e5a1410e--womens-fashion-outfits-big-women-fashion.jpg,0b75c1ec3aaf7560bee76c66e5a1410e--womens-fashion-outfits-big-women-fashion.jpg,35 Trending Outfit Ideas For Update Your Summer Lookbook,Explore Denim Little Dress and Multi Crochet Romper. Click to discover these 35 trending outfit ideas for update your summer lookbook
https://i.pinimg.com/474x/35/68/3b/35683b07b54a5150ee89c629e84bb3bd--trending-outfits-womens-fashion-outfits.jpg,35683b07b54a5150ee89c629e84bb3bd--trending-outfits-womens-fashion-outfits.jpg,What's Trending - 32 Outfits (S/S),Click the link in image for detailed outfit information and shop the look! Follow me on Pinterest - Fashion Estate / @styleestate
https://i.pinimg.com/474x/e4/26/13/e426133c57d25a5e46c9a6702d373b07--casual-office-outfits-summer-office-outfits.jpg,e426133c57d25a5e46c9a6702d373b07--casual-office-outfits-summer-office-outfits.jpg,30+ Summer Office Outfit Ideas To Try Now,Today I want to show you 40+ trendy women's office outfit ideas that are great for this summer. How to dress for the office in summer? Here you can find the answer.
https://i.pinimg.com/474x/61/4e/1f/614e1f14f3d354d3ab4754bc7ec462c2--tie-up-heels-dressy-outfits.jpg,614e1f14f3d354d3ab4754bc7ec462c2--tie-up-heels-dressy-outfits.jpg,Comfortably dressed up,So what I love about this outfit today is that I can dress it down or dress it up a little if I wanted. Lets start with this top! What sold me on it was the absolute comfort of it. The fabric is so light weight and soft at the same time. It seriously feels...
https://i.pinimg.com/474x/5d/55/36/5d5536616ce211088d45cde17aa9a681.jpg,5d5536616ce211088d45cde17aa9a681.jpg,,
https://i.pinimg.com/474x/1f/50/31/1f503126f52f98044e856ebb246b3bc7.jpg,1f503126f52f98044e856ebb246b3bc7.jpg,,
https://i.pinimg.com/474x/64/f9/7f/64f97f8f7b9f805a7c9d5c4430c33ed4.jpg,64f97f8f7b9f805a7c9d5c4430c33ed4.jpg,,
https://i.pinimg.com/474x/7c/67/d7/7c67d7b6b5daeb378e2eedd31ee49ba4.jpg,7c67d7b6b5daeb378e2eedd31ee49ba4.jpg,,
https://i.pinimg.com/474x/41/7e/a8/417ea8772cf2f22b5be5609baf28cd9d.jpg,417ea8772cf2f22b5be5609baf28cd9d.jpg,5 Red Dresses I'm Into for Spring,"If I‚Äôm being totally honest, red is not a color I reach for regularly. For whatever reason, my closet just doesn‚Äôt have a lot of red pieces in it. But there is just something about a red dress that makes a statement and I‚Äôm absolutely here for it. I feel like red just exudes a feeling of confidence ‚Äî and this cutout dress is no exception. I love the more conservative‚Ä¶"
https://i.pinimg.com/474x/32/70/eb/3270eb80485f6cb28a8031d35fcf5a38.jpg,3270eb80485f6cb28a8031d35fcf5a38.jpg,,
https://i.pinimg.com/474x/e1/da/22/e1da22770872ff362e99df20eb6c253f.jpg,e1da22770872ff362e99df20eb6c253f.jpg,My Spring Haul from Madewell,"If you‚Äôve been following me for a while now, you know my love for Madewell runs deep. I always love seeing their collection each season and have found some of my favorite looks from them. So when I hopped onto their site a few weeks back to shop for some updates to my spring wardrobe, I was super excited by what I found. I knew I wanted a few dresses‚Ä¶"
https://i.pinimg.com/474x/3e/87/d7/3e87d7ab7d9ff0ba6d922268d165affc.jpg,3e87d7ab7d9ff0ba6d922268d165affc.jpg,5 Red Dresses I'm Into for Spring,"If I‚Äôm being totally honest, red is not a color I reach for regularly. For whatever reason, my closet just doesn‚Äôt have a lot of red pieces in it. But there is just something about a red dress that makes a statement and I‚Äôm absolutely here for it. I feel like red just exudes a feeling of confidence ‚Äî and this cutout dress is no exception. I love the more conservative‚Ä¶"
https://i.pinimg.com/474x/1a/6b/c4/1a6bc49b234dd61880f221645e028888.jpg,1a6bc49b234dd61880f221645e028888.jpg,My Spring Haul from Madewell,"If you‚Äôve been following me for a while now, you know my love for Madewell runs deep. I always love seeing their collection each season and have found some of my favorite looks from them. So when I hopped onto their site a few weeks back to shop for some updates to my spring wardrobe, I was super excited by what I found. I knew I wanted a few dresses‚Ä¶"
https://i.pinimg.com/474x/ca/1b/bb/ca1bbbaff08f0c9fc7cbba302dd42304.jpg,ca1bbbaff08f0c9fc7cbba302dd42304.jpg,My Spring Haul from Madewell,"If you‚Äôve been following me for a while now, you know my love for Madewell runs deep. I always love seeing their collection each season and have found some of my favorite looks from them. So when I hopped onto their site a few weeks back to shop for some updates to my spring wardrobe, I was super excited by what I found. I knew I wanted a few dresses‚Ä¶"
https://i.pinimg.com/474x/6c/02/7c/6c027c32d7a244c9124eff405da6bf31.jpg,6c027c32d7a244c9124eff405da6bf31.jpg,5 Red Dresses I'm Into for Spring,"If I‚Äôm being totally honest, red is not a color I reach for regularly. For whatever reason, my closet just doesn‚Äôt have a lot of red pieces in it. But there is just something about a red dress that makes a statement and I‚Äôm absolutely here for it. I feel like red just exudes a feeling of confidence ‚Äî and this cutout dress is no exception. I love the more conservative‚Ä¶"
https://i.pinimg.com/474x/dd/91/81/dd9181d19ae1ed3b542abcd10579dd37.jpg,dd9181d19ae1ed3b542abcd10579dd37.jpg,My Spring Haul from Madewell,"If you‚Äôve been following me for a while now, you know my love for Madewell runs deep. I always love seeing their collection each season and have found some of my favorite looks from them. So when I hopped onto their site a few weeks back to shop for some updates to my spring wardrobe, I was super excited by what I found. I knew I wanted a few dresses‚Ä¶"
https://i.pinimg.com/474x/9c/81/e7/9c81e7d291768340c01a6ccd8181298b.jpg,9c81e7d291768340c01a6ccd8181298b.jpg,5 Red Dresses I'm Into for Spring,"If I‚Äôm being totally honest, red is not a color I reach for regularly. For whatever reason, my closet just doesn‚Äôt have a lot of red pieces in it. But there is just something about a red dress that makes a statement and I‚Äôm absolutely here for it. I feel like red just exudes a feeling of confidence ‚Äî and this cutout dress is no exception. I love the more conservative‚Ä¶"
https://i.pinimg.com/474x/c1/54/e5/c154e54558ff5f5a1fa09b0598921b89.jpg,c154e54558ff5f5a1fa09b0598921b89.jpg,My Spring Haul from Madewell,"If you‚Äôve been following me for a while now, you know my love for Madewell runs deep. I always love seeing their collection each season and have found some of my favorite looks from them. So when I hopped onto their site a few weeks back to shop for some updates to my spring wardrobe, I was super excited by what I found. I knew I wanted a few dresses‚Ä¶"
https://i.pinimg.com/474x/57/cc/57/57cc578e216345de1975974d2152ac83.jpg,57cc578e216345de1975974d2152ac83.jpg,My Spring Haul from Madewell,"If you‚Äôve been following me for a while now, you know my love for Madewell runs deep. I always love seeing their collection each season and have found some of my favorite looks from them. So when I hopped onto their site a few weeks back to shop for some updates to my spring wardrobe, I was super excited by what I found. I knew I wanted a few dresses‚Ä¶"
https://i.pinimg.com/474x/a6/b2/33/a6b233c32e8e5df80fc4f747b97fa9d0.jpg,a6b233c32e8e5df80fc4f747b97fa9d0.jpg,My Spring Haul from Madewell,"If you‚Äôve been following me for a while now, you know my love for Madewell runs deep. I always love seeing their collection each season and have found some of my favorite looks from them. So when I hopped onto their site a few weeks back to shop for some updates to my spring wardrobe, I was super excited by what I found. I knew I wanted a few dresses‚Ä¶"
https://i.pinimg.com/474x/2c/a1/11/2ca111734d6c37d7234b263d73df7ce3.jpg,2ca111734d6c37d7234b263d73df7ce3.jpg,5 Red Dresses I'm Into for Spring,"If I‚Äôm being totally honest, red is not a color I reach for regularly. For whatever reason, my closet just doesn‚Äôt have a lot of red pieces in it. But there is just something about a red dress that makes a statement and I‚Äôm absolutely here for it. I feel like red just exudes a feeling of confidence ‚Äî and this cutout dress is no exception. I love the more conservative‚Ä¶"
https://i.pinimg.com/474x/67/d1/b8/67d1b88f36df4f97cbdea119d3dd536c.jpg,67d1b88f36df4f97cbdea119d3dd536c.jpg,My Spring Haul from Madewell,"If you‚Äôve been following me for a while now, you know my love for Madewell runs deep. I always love seeing their collection each season and have found some of my favorite looks from them. So when I hopped onto their site a few weeks back to shop for some updates to my spring wardrobe, I was super excited by what I found. I knew I wanted a few dresses‚Ä¶"
https://i.pinimg.com/474x/fa/87/59/fa875999fc18f8c43422b71b14769b3d.jpg,fa875999fc18f8c43422b71b14769b3d.jpg,How I Accessorize a Colorful Dress,"It‚Äôs no secret that I love a colorful spring dress. I‚Äôve written several posts over the past month about different dresses I‚Äôm loving (see here and here) and most of my March top sellers were fun dresses for spring. Whenever I share a dress with colorful prints and patterns, I always get a lot of questions about how I accessorize it so I thought I‚Äôd write an entire post about my‚Ä¶"
https://i.pinimg.com/474x/65/d6/58/65d658aaaafd4aeafd64ce99321f1a38.jpg,65d658aaaafd4aeafd64ce99321f1a38.jpg,5 Red Dresses I'm Into for Spring,"If I‚Äôm being totally honest, red is not a color I reach for regularly. For whatever reason, my closet just doesn‚Äôt have a lot of red pieces in it. But there is just something about a red dress that makes a statement and I‚Äôm absolutely here for it. I feel like red just exudes a feeling of confidence ‚Äî and this cutout dress is no exception. I love the more conservative‚Ä¶"
https://i.pinimg.com/474x/d0/01/2f/d0012f89c6414f71f93d7c824b34954e.jpg,d0012f89c6414f71f93d7c824b34954e.jpg,How I Accessorize a Colorful Dress,"It‚Äôs no secret that I love a colorful spring dress. I‚Äôve written several posts over the past month about different dresses I‚Äôm loving (see here and here) and most of my March top sellers were fun dresses for spring. Whenever I share a dress with colorful prints and patterns, I always get a lot of questions about how I accessorize it so I thought I‚Äôd write an entire post about my‚Ä¶"
https://i.pinimg.com/474x/e1/da/22/e1da22770872ff362e99df20eb6c253f.jpg,e1da22770872ff362e99df20eb6c253f.jpg,My Spring Haul from Madewell,"If you‚Äôve been following me for a while now, you know my love for Madewell runs deep. I always love seeing their collection each season and have found some of my favorite looks from them. So when I hopped onto their site a few weeks back to shop for some updates to my spring wardrobe, I was super excited by what I found. I knew I wanted a few dresses‚Ä¶"
https://i.pinimg.com/474x/13/60/be/1360be0923176021de57c3e3e8e563ca.jpg,1360be0923176021de57c3e3e8e563ca.jpg,How I Accessorize a Colorful Dress,"It‚Äôs no secret that I love a colorful spring dress. I‚Äôve written several posts over the past month about different dresses I‚Äôm loving (see here and here) and most of my March top sellers were fun dresses for spring. Whenever I share a dress with colorful prints and patterns, I always get a lot of questions about how I accessorize it so I thought I‚Äôd write an entire post about my‚Ä¶"
https://i.pinimg.com/474x/fb/70/59/fb70599691b5505d2f4e8a2f3dbf3799.jpg,fb70599691b5505d2f4e8a2f3dbf3799.jpg,How I Accessorize a Colorful Dress,"It‚Äôs no secret that I love a colorful spring dress. I‚Äôve written several posts over the past month about different dresses I‚Äôm loving (see here and here) and most of my March top sellers were fun dresses for spring. Whenever I share a dress with colorful prints and patterns, I always get a lot of questions about how I accessorize it so I thought I‚Äôd write an entire post about my‚Ä¶"
https://i.pinimg.com/474x/46/d3/cb/46d3cb9a7b23f2f511c19e95f0e6a3b3.jpg,46d3cb9a7b23f2f511c19e95f0e6a3b3.jpg,How I Accessorize a Colorful Dress,"It‚Äôs no secret that I love a colorful spring dress. I‚Äôve written several posts over the past month about different dresses I‚Äôm loving (see here and here) and most of my March top sellers were fun dresses for spring. Whenever I share a dress with colorful prints and patterns, I always get a lot of questions about how I accessorize it so I thought I‚Äôd write an entire post about my‚Ä¶"
https://i.pinimg.com/474x/da/14/a9/da14a98e5c45f56702ec0169025152c9.jpg,da14a98e5c45f56702ec0169025152c9.jpg,#street #style monoc,#street #style monochrome chic Wachabuy
https://i.pinimg.com/474x/94/ea/ae/94eaae2bd166d4af62579ecb92fb4179.jpg,94eaae2bd166d4af62579ecb92fb4179.jpg,Nordstrom After Christmas Sale- The Best Deals,Nordstrom After Christmas sale is on. The only thing I love more than Christmas is after Christmas shopping! And this sale is one to stock up on.
https://i.pinimg.com/474x/a5/7b/72/a57b72ba2322c35f7a8a8ab8301128d5.jpg,a57b72ba2322c35f7a8a8ab8301128d5.jpg,Plus Size Spring Casual Capsule Wardrobe ‚Äì Part 4,A Plus Size Spring Casual Capsule Wardrobe with Outfit Ideas Featuring a Black Lace Camisole with Jeans for a night out or date night.
https://i.pinimg.com/474x/a9/3c/fc/a93cfca9d37c06c52daab560d6c2f87b.jpg,a93cfca9d37c06c52daab560d6c2f87b.jpg,Plus Size White Eyelet Tops - Part 2,Three plus size white eyelet tops styled six ways with camo crop pants and sandals for adorable summer outfits.
https://i.pinimg.com/474x/29/f9/c5/29f9c591db9897f0e1c67986535b19e2.jpg,29f9c591db9897f0e1c67986535b19e2.jpg,What I Packed & Wore in Nashville,"For the 4th of July holiday week, Will and I decided to take a trip to Nashville to visit some friends and explore the city. I have only been a few times, but both were for events, so I didn't‚Ä¶"
https://i.pinimg.com/474x/7f/0e/74/7f0e746785eb08791ae69e9baeda3cfb.jpg,7f0e746785eb08791ae69e9baeda3cfb.jpg,Leopard Flats,"Popular North Carolina fashion blogger, Coffee Beans and Bobby Pins, features her new favorite Jumpsuit as well as her new favorite Leopard Flats that are super affordable and comfortable (and currently on sale!). Click here now to see them!"
https://i.pinimg.com/474x/c1/6d/73/c16d73257cfde9f2290eaf250dd7584c.jpg,c16d73257cfde9f2290eaf250dd7584c.jpg,Summer Style Staples to Add to Your Closet,"Hi, Lovelies! Every year, I try to block off two months that I don‚Äôt spend a dime on anything frivolous. I essentially put myself on a spending freeze. As a blogger, it can be hard to not buy a product or clothing piece to share with you all, but I don‚Äôt think I would be..."
https://i.pinimg.com/474x/99/db/06/99db066b594f14d968603bcd11adb003.jpg,99db066b594f14d968603bcd11adb003.jpg,5 Spring Trends That Will Get You Excited for Warmer Weather,"The spring trends to get on your radar now include white heels, knit midi dresses, chunky gold jewelry and more. Click here for the best..."
https://i.pinimg.com/474x/85/08/73/850873204b0f8a55379a509729afb1a7--outfit-jeans-prep-style.jpg,850873204b0f8a55379a509729afb1a7--outfit-jeans-prep-style.jpg,Search For The perfect Ankle Booties: Me Too Legacy Bootie,***Update: Me too tweeted me and confirmed that the cognac color will be available at Nordstrom‚Äôs soon in small sizes.** Me too ‚Äúlegacy‚Äù bootie in mushroom and black (sizes 4-12) I have on looking for the perfect ankle booties for the past couple of years (see review last year) and have found nothing that I like or...
https://i.pinimg.com/474x/6a/a2/b1/6aa2b1fd490dec8146c6ee7539f78794.jpg,6aa2b1fd490dec8146c6ee7539f78794.jpg,,
https://i.pinimg.com/474x/5a/19/5a/5a195a9e88b0ce37d0d028b9e4eeee6c--gingham-dresses-coffee-beans.jpg,5a195a9e88b0ce37d0d028b9e4eeee6c--gingham-dresses-coffee-beans.jpg,Perfect Summer Dress,"Sharing my perfect summer dress that I wore for Easter Sunday, but one that's also perfect for baby showers, spring weddings and everything in between!"
https://i.pinimg.com/474x/d5/e2/16/d5e216d0f3cd41ac2962bcc717baaea4.jpg,d5e216d0f3cd41ac2962bcc717baaea4.jpg,,
https://i.pinimg.com/474x/f4/56/bc/f456bcb867bac2945f0e4d84cdda73b0.jpg,f456bcb867bac2945f0e4d84cdda73b0.jpg,,
https://i.pinimg.com/474x/aa/76/8c/aa768cf2825a92781d9dcbed0d3064ab.jpg,aa768cf2825a92781d9dcbed0d3064ab.jpg,Bow Back,"Hat: Lack of Color | Blouse: Romwe | Jeans: Frame | Shoes: c/o Marc Fisher {also loving these} | Bag: Clare V | Sunglasses: Karen Walker | Watch: c/o Cluse | Earrings: Baublebar !function(d,s,id){var e, p = /^http:/.test(d.location) ? ‚Äòhttp‚Äô : ‚Ä¶"
https://i.pinimg.com/474x/4a/06/6c/4a066c8e2019eee392c47f866091f56f.jpg,4a066c8e2019eee392c47f866091f56f.jpg,Bow Seersucker Top at Nantucket Wine & Food Festival,"Hello from Nantucket! This charming island is a style mecca of stripes, seersucker, and pastels, and I‚Äôm certainly not one to complain. We‚Äôre here on‚Ä¶"
https://i.pinimg.com/474x/6e/9e/52/6e9e5249c5a5e7d7de574674b3fc91a0.jpg,6e9e5249c5a5e7d7de574674b3fc91a0.jpg,How to Dress for Summer in New England,"If you're traveling to New England this summer, I'm here to tell advise you on how and what to pack. It won't be terribly light. Our weather can be wildly erratic. In fact just last week we battled temperatures in the 90s with wretched humidity one day and the very next was misty and overcast as tem"
https://i.pinimg.com/474x/e8/b8/56/e8b8562e7f14ab505ad1b6f77664b243.jpg,e8b8562e7f14ab505ad1b6f77664b243.jpg,Weekend Look In Our Floral Print Duster And Ivory Top,"Weekend Look In Our Floral Print Duster And Ivory Top Happy Cinco De Mayo weekend! Even though Memorial Day Weekend is normally the official start of summer, Cinco De Mayo comes to a close second for me. It is time to get festive and have a good time outside with friends and family. In honor of this festive weekend, I"
https://i.pinimg.com/474x/36/46/3b/36463b073cb149288f67a0ccf336e1b3.jpg,36463b073cb149288f67a0ccf336e1b3.jpg,,
https://i.pinimg.com/474x/7f/6d/36/7f6d36e80ec0beb8968a66ae697e68e3.jpg,7f6d36e80ec0beb8968a66ae697e68e3.jpg,How To Wear Denim On Denim,Find out how to wear denim with denim on SHEfinds.com.
https://i.pinimg.com/474x/03/c5/d8/03c5d8d1a3d5d3010b00963466b29742.jpg,03c5d8d1a3d5d3010b00963466b29742.jpg,Rasteirinha: sua melhor amiga em tempos de calor,"Looks com rasteirinha. Veja porque ela √© sua melhor amiga em tempos de calor, entende que descer do salto favorece looks cheios de prersonalidade e estilo."
https://i.pinimg.com/474x/3d/38/95/3d38954c4f06d40e921f4825e34a38d2.jpg,3d38954c4f06d40e921f4825e34a38d2.jpg,8 ways to style wide-leg pants,"Hey everyone! Happy Wednesday! I am so excited to share today‚Äôs post with you, I‚Äôve had so many people ask me to show multiple ways to style wide leg pants! As you know, these Everlane cropped wide leg pants are‚Ä¶"
https://i.pinimg.com/474x/72/90/f5/7290f56ead85430e16dae596efe38773.jpg,7290f56ead85430e16dae596efe38773.jpg,Summer Style Staples to Add to Your Closet,"Hi, Lovelies! Every year, I try to block off two months that I don‚Äôt spend a dime on anything frivolous. I essentially put myself on a spending freeze. As a blogger, it can be hard to not buy a product or clothing piece to share with you all, but I don‚Äôt think I would be..."
https://i.pinimg.com/474x/b2/4c/0e/b24c0e182ec298fddf0ef52de0cf2117.jpg,b24c0e182ec298fddf0ef52de0cf2117.jpg,Summer Style Staples to Add to Your Closet,"Hi, Lovelies! Every year, I try to block off two months that I don‚Äôt spend a dime on anything frivolous. I essentially put myself on a spending freeze. As a blogger, it can be hard to not buy a product or clothing piece to share with you all, but I don‚Äôt think I would be..."
https://i.pinimg.com/474x/67/3b/6c/673b6c576c5eb9b3bed3f1d97162e541.jpg,673b6c576c5eb9b3bed3f1d97162e541.jpg,7 Easy Summer Outfits to Copy Right Now,Here's a quick styling session with 7 easy summer outfits to try! I hope this gives you some inspiration to get more creative and mix a few pieces up!
https://i.pinimg.com/474x/8a/9b/4b/8a9b4b681ac56625c56dcc581a5fe1d6.jpg,8a9b4b681ac56625c56dcc581a5fe1d6.jpg,Here's All The Inspiration You Need To Start Rocking Wide-Leg Pants This Year,"To anyone who‚Äôs curious about wide-leg pants but still hesitant to try them, I say take a look at these photos and open your mind a little."
https://i.pinimg.com/474x/5e/d7/78/5ed7780106a74598eb477564cec8c7af.jpg,5ed7780106a74598eb477564cec8c7af.jpg,Summer Style Staples to Add to Your Closet,"Hi, Lovelies! Every year, I try to block off two months that I don‚Äôt spend a dime on anything frivolous. I essentially put myself on a spending freeze. As a blogger, it can be hard to not buy a product or clothing piece to share with you all, but I don‚Äôt think I would be..."
https://i.pinimg.com/474x/d1/94/8f/d1948f7d3b3cb4a2fdc0ccd00d9728bb.jpg,d1948f7d3b3cb4a2fdc0ccd00d9728bb.jpg,Summer Style Staples to Add to Your Closet,"Hi, Lovelies! Every year, I try to block off two months that I don‚Äôt spend a dime on anything frivolous. I essentially put myself on a spending freeze. As a blogger, it can be hard to not buy a product or clothing piece to share with you all, but I don‚Äôt think I would be..."
https://i.pinimg.com/474x/22/94/ed/2294ed3cbfe22a18b6477b893e801d3d.jpg,2294ed3cbfe22a18b6477b893e801d3d.jpg,Iconic Celebrity Fashion Moments From The Past Decade,"Celebrities are always in the spotlight, whether it‚Äôs at award shows or just walking passed the paparazzi, making fashion an imperative aspect to their self image. Here are some of the most Iconic Celebrity Fashion Moments From The Past Decade that any fashion lover can appreciate!"
https://i.pinimg.com/474x/6e/ab/2c/6eab2c751feb0947c9f4e2af24e70013.jpg,6eab2c751feb0947c9f4e2af24e70013.jpg,Iconic Celebrity Fashion Moments From The Past Decade,"Celebrities are always in the spotlight, whether it‚Äôs at award shows or just walking passed the paparazzi, making fashion an imperative aspect to their self image. Here are some of the most Iconic Celebrity Fashion Moments From The Past Decade that any fashion lover can appreciate!"
https://i.pinimg.com/474x/b0/98/f2/b098f27119864e3b521f00134b90c210.jpg,b098f27119864e3b521f00134b90c210.jpg,Aesthetic Outfits Inspo in 2022,"If you like aesthetic outfits, this is the perfect blog for you, hope you like it and don't forget to share it, thanks for read <3"
https://i.pinimg.com/474x/65/5c/a5/655ca56a81d71fad36e26c7d3d5d1b20.jpg,655ca56a81d71fad36e26c7d3d5d1b20.jpg,8 Vintage Fashion Trends Making A Comeback,One of my favorite parts about the fashion industry is getting to see past trends come back to life. Here are 8 Vintage Fashion Trends Making A Comeback from all different years!
https://i.pinimg.com/474x/5d/16/47/5d16470a104f7eed2662c2e1f9dcc04a.jpg,5d16470a104f7eed2662c2e1f9dcc04a.jpg,,
https://i.pinimg.com/474x/7e/d3/2d/7ed32d8c9468081d02566d498d42dd85.jpg,7ed32d8c9468081d02566d498d42dd85.jpg,8 Vintage Fashion Trends Making A Comeback,One of my favorite parts about the fashion industry is getting to see past trends come back to life. Here are 8 Vintage Fashion Trends Making A Comeback from all different years!
https://i.pinimg.com/474x/97/d9/26/97d926ffc0e3e2fb59d4c2a14474e48b.jpg,97d926ffc0e3e2fb59d4c2a14474e48b.jpg,The Best Street Style at the Spring 2022 Copenhagen Fashion Shows,Come back every day this week for Vogue Runway‚Äôs coverage of the scene from Acielle of Style du Monde.
https://i.pinimg.com/474x/61/b3/31/61b3310a3320226ce8ea3c47b4100fe3.jpg,61b3310a3320226ce8ea3c47b4100fe3.jpg,,"Our super ally of everyday life. Bodysuit, ultra soft microfiber. Sexy effect. With frames and hulls. Straight adjustable straps. Border cut female croquet. Plunging neckline. New range ultra chic, seamless. Suitable for all body types. Use a delicate program at 30 ¬∞ C maximum. Use a washing net if the lingerie is machine washable and use a mild detergent. For items with bright and acid colors, wash with similar colors to avoid color transfer. Do not leave colored items in the machine drum too long after washing to avoid any color transfer to other garments. Refer to the label. Main material: 79% Polyamide, 21% Elastane"
https://i.pinimg.com/474x/a8/51/5c/a8515cf5112007d67fd35c430fa709e5.jpg,a8515cf5112007d67fd35c430fa709e5.jpg,Blogger Roundup: My Favorite Spring Transition Outfits,"It's about that time of the year, when it's still rainy and cold outside, but you know that Spring is just around the corner. With the coming of Spring, you know to expect that transitional period where it's not quite warm enough to go out with short sleeves and dresses, but not quite cold enough to wear a heavy coat. It's usually the best time to bring out your open-toe booties, lighter jackets, and brighter colors. I've got you covered on style inspiration on what to wear to transition to spring! I have hand-picked my favorite transition to spring outfits bloggers are wearing for your shopping inspiration. Let's get started!"
https://i.pinimg.com/474x/63/94/10/639410381b38efed4c1481cd7e6f3c18.jpg,639410381b38efed4c1481cd7e6f3c18.jpg,,
https://i.pinimg.com/474x/c7/c9/ee/c7c9ee6846fa5e675078f3e96cd5741d.jpg,c7c9ee6846fa5e675078f3e96cd5741d.jpg,10 Timeless Pieces That Should Be In Your Wardrobe,You don't need to buy a whole new wardrobe post-college. All you need are a few timeless pieces to cement your wardrobe. Check out our suggestions!
https://i.pinimg.com/474x/af/21/8e/af218e88933cca750b8decfef7c1d598.jpg,af218e88933cca750b8decfef7c1d598.jpg,,
https://i.pinimg.com/474x/30/15/e1/3015e1178a5678cb68d63774b6a22bb0--pippa-middleton-dress-simple-dresses.jpg,3015e1178a5678cb68d63774b6a22bb0--pippa-middleton-dress-simple-dresses.jpg,Look of the Day,"InStyle's Look of the Day picks for July 21, 2016 include Mila Kunis, Pippa Middleton and Julianne Moore."
https://i.pinimg.com/474x/5c/b3/17/5cb31775fe6ca3868813d6bc84c6044d--purple-long-sleeve-dress-purple-dress.jpg,5cb31775fe6ca3868813d6bc84c6044d--purple-long-sleeve-dress-purple-dress.jpg,Photos from Celebrity Street Style,Photos from Celebrity Street Style
https://i.pinimg.com/474x/39/56/7c/39567c524103e86c05cf230b2a03b17d--chambray-shirt-dresses-denim-outfits.jpg,39567c524103e86c05cf230b2a03b17d--chambray-shirt-dresses-denim-outfits.jpg,Photography,Photography
https://i.pinimg.com/474x/ba/3c/2a/ba3c2a52e23ac66a86f5888652c5ba33.jpg,ba3c2a52e23ac66a86f5888652c5ba33.jpg,Pippa Middleton's Best Style Moments,See fashion icon Pippa Middleton's best looks from leather leggings to prim and proper dresses.
https://i.pinimg.com/474x/23/c3/8d/23c38d004710cc47e8902997ed0bfc69.jpg,23c38d004710cc47e8902997ed0bfc69.jpg,Pippa Middleton's Best Style Moments,See fashion icon Pippa Middleton's best looks from leather leggings to prim and proper dresses.
https://i.pinimg.com/474x/bc/23/6b/bc236bedd880899a19fbfdbbd4b905fa--spring-outfits-to-be.jpg,bc236bedd880899a19fbfdbbd4b905fa--spring-outfits-to-be.jpg,35 Stunning Spring Outfit Ideas For The Year 2017,The season when everything is colorful and beautiful. A time of prettiness! And I believe every pret
https://i.pinimg.com/474x/e6/70/4a/e6704afa57888fa0e9c14ccd9497388a.jpg,e6704afa57888fa0e9c14ccd9497388a.jpg,,
https://i.pinimg.com/474x/dc/90/67/dc9067dc7dcb8af5394ad190f62a369d.jpg,dc9067dc7dcb8af5394ad190f62a369d.jpg,Affordable Spring Dresses for Every Occasion,"Looking for affordable spring dresses for Easter, weddings, or graduations? Sharing my favorites from JCPenney today on the blog. #allatjcp #sponsored"
https://i.pinimg.com/474x/5e/1d/8a/5e1d8a283035a9636ccbdac838a88e4d.jpg,5e1d8a283035a9636ccbdac838a88e4d.jpg,Outfit Ideas,"Explore (literally) hundreds of outfit ideas in the Stitch Fix Inspiration Gallery. Navigate by style, then easily add the outfit to your Pinterest board!"
https://i.pinimg.com/474x/4a/ca/2a/4aca2a012b66bfc9c3c912e29f353325.jpg,4aca2a012b66bfc9c3c912e29f353325.jpg,,
https://i.pinimg.com/474x/74/74/a4/7474a4e5e08a44ce0dba972588e5a019.jpg,7474a4e5e08a44ce0dba972588e5a019.jpg,Fall work outfit: camel wool skirt + bell sleeve top,"Camel with black is always classic, but I especially love it for a fall work outfit. This look also goes with opaque black tights for our long winters!"
https://i.pinimg.com/474x/2b/ac/0f/2bac0f40e186dabf5b817acd6ea9fa54.jpg,2bac0f40e186dabf5b817acd6ea9fa54.jpg,,
https://i.pinimg.com/474x/6e/b4/f2/6eb4f289b4049ee1793517e1d6e70171.jpg,6eb4f289b4049ee1793517e1d6e70171.jpg,,
https://i.pinimg.com/474x/1f/7f/52/1f7f52dfd2b3f815f8d61ab1c510cfab.jpg,1f7f52dfd2b3f815f8d61ab1c510cfab.jpg,46 Awesome Summer Workwear Outfit Ideas,"As the weather warms up, many of the workwear items that kept your employees warm and dry during the winter months will not be suitable. They‚Äôll require new workwear that helps them to do their job effectively in the warmer climate. Here are 10 such items that are worth considering. T shirts are lightweight, making them extremely suitable for warm conditions. You may be keen for staff to look smart, but that shouldn‚Äôt be at the determent of their comfort. An uncomfortable employee is an unhappy one, and an unhappy one is unlikely to be productive. Plus, using T shirt printing, you can provide your employees with breathable, but branded workwear. Awesome Summer Workwear Outfit Ideas 01 Awesome Summer Workwear Outfit Ideas 02 Awesome Summer Workwear Outfit Ideas 03 Awesome Summer Workwear Outfit Ideas 04 Awesome Summer Workwear Outfit Ideas 05 Awesome Summer Workwear Outfit Ideas 06 Awesome Summer Workwear Outfit Ideas 07 Awesome Summer Workwear Outfit Ideas 08 Awesome Summer Workwear Outfit Ideas 09 Awesome Summer Workwear Outfit Ideas 10 Awesome Summer Workwear Outfit Ideas 11 Awesome Summer Workwear Outfit Ideas 12 Awesome Summer Workwear Outfit Ideas 13 Awesome Summer Workwear Outfit Ideas 14 Awesome Summer Workwear Outfit Ideas [...]"
https://i.pinimg.com/474x/18/6d/d7/186dd707a310cb8353c6816fd9105d5a.jpg,186dd707a310cb8353c6816fd9105d5a.jpg,,"DESCRIPTION Walk around town in the Albyritel bootie from Kelly & Katie. This ankle boot is fashioned with a side buckle accent and a stacked heel for mid-rise height. Item # 459217 UPC # 827694878803 FEATURES Faux suede upper Inside zipper closure Round toe Fabric lining Cushioned footbed 2¬º"" stacked block heel Synthetic sole Imported"
https://i.pinimg.com/474x/d9/95/d4/d995d4e0eaf1d4876893db5f50a7f169.jpg,d995d4e0eaf1d4876893db5f50a7f169.jpg,,
https://i.pinimg.com/474x/ed/3f/91/ed3f91e8d1d9a352fde06ca74ef61032.jpg,ed3f91e8d1d9a352fde06ca74ef61032.jpg,Nike Womens Girls Air 270,"Brand New in Box Authentic Blinged Women's/Girl's Nike Air 270 Running Shoes. Nike Swoosh is customized with fabulous Crystal Rhinestones! SHIPS WITHIN 2-3 WEEKS! *Note that these Nike's are manufactured in Girls Grade School Sizes 3.5-7, which fit up to a women's size 8.5. Subtract 1.5 from your normal women's size to get your size in Girl's. Ex: Women's 7= Girls 5.5 Color: White/Pink/Blue 270 Crystals- 1Pink Crystals Condition: Nike's are Brand New in Box and 100% Authentic, purchased from an authorized Nike retailer. Customized in a smoke-free environment. Free of any odors or stains. Crystals are set in place with top quality permanent adhesive. Should you have any questions feel free to contact me and I will happily answer any questions you have!"
https://i.pinimg.com/474x/b6/4d/3d/b64d3d22a0905f976c7108ef33171c9f.jpg,b64d3d22a0905f976c7108ef33171c9f.jpg,,
https://i.pinimg.com/474x/81/43/14/8143144d7ee0a05deef1835c75c95ea6.jpg,8143144d7ee0a05deef1835c75c95ea6.jpg,,"‚¨áCustom Made to Order Crystal¬†Nike¬†Air Max 270's‚¨á Crystalella‚Ñ¢ use Diamond Cut¬†Sparkling Crystals purchased direct from Swarovski to ensure 100% authenticity. We hand crystallise branded authentic products by applying each crystal separately by hand using a very strong industrial glue which ensures a firm, long lasting hold. ‚¨áOptions may vary in price depending on which selection you choose.‚¨á"
https://i.pinimg.com/474x/01/40/44/01404423a1392d626279a8b556202dfe--cheetah-print-leopard-prints.jpg,01404423a1392d626279a8b556202dfe--cheetah-print-leopard-prints.jpg,Nike WMNS Free 5.0 V4 - Leopard - White/Metallic SIlver,We'll see plenty of ladies rocking white kicks this fall with this leopard-covered Free 5.0 V4 releasing in limited numbers this month.
https://i.pinimg.com/474x/16/8c/53/168c53371fa7fff5f547c064f52f7226--workout-gear-workout-shoes.jpg,168c53371fa7fff5f547c064f52f7226--workout-gear-workout-shoes.jpg,,
https://i.pinimg.com/474x/85/81/c5/8581c5c77bb83602aacfae81152b4fe9.jpg,8581c5c77bb83602aacfae81152b4fe9.jpg,,
https://i.pinimg.com/474x/43/dc/5a/43dc5a271f8d9e7e9cd7bb98cb95fe1b--nike-hurache-outfit-huarache-outfit.jpg,43dc5a271f8d9e7e9cd7bb98cb95fe1b--nike-hurache-outfit-huarache-outfit.jpg,Egsmi Shoes on,"‚ÄúNike Free Runs For Women Only $20,Fashion Nike Roshe Running In Summer,Get it Press Link:https://t.co/QVOejfTSvg‚Äù"
https://i.pinimg.com/474x/01/f3/fe/01f3fef650abe0a0268d840410099f2b--women-nike-shoes-running-shoes-nike.jpg,01f3fef650abe0a0268d840410099f2b--women-nike-shoes-running-shoes-nike.jpg,Egsmi Shoes on,"‚ÄúNike Free Runs For Women Only $20,Fashion Nike Roshe Running In Summer,Get it Press Link:https://t.co/QVOejfTSvg‚Äù"
https://i.pinimg.com/474x/04/1d/4d/041d4d01a0ab7b30b296e4b02bc22a3a--nike-footwear-shoes-nike.jpg,041d4d01a0ab7b30b296e4b02bc22a3a--nike-footwear-shoes-nike.jpg,Egsmi Shoes on,"‚ÄúNike Free Runs For Women Only $20,Fashion Nike Roshe Running In Summer,Get it Press Link:https://t.co/QVOejfTSvg‚Äù"
https://i.pinimg.com/474x/51/6a/8b/516a8b35a4d9bbc55b9d02c554105237--outfits-with-tennis-shoes-nike-tennis-shoes.jpg,516a8b35a4d9bbc55b9d02c554105237--outfits-with-tennis-shoes-nike-tennis-shoes.jpg,Egsmi Shoes on,"‚ÄúNike Free Runs For Women Only $20,Fashion Nike Roshe Running In Summer,Get it Press Link:https://t.co/QVOejfTSvg‚Äù"
https://i.pinimg.com/474x/be/58/3e/be583e6f325d89aeae5e058ff027b17d--running-shoes-nike-nike-free-shoes.jpg,be583e6f325d89aeae5e058ff027b17d--running-shoes-nike-nike-free-shoes.jpg,Egsmi Shoes on,"‚ÄúNike Free Runs For Women Only $20,Fashion Nike Roshe Running In Summer,Get it Press Link:https://t.co/QVOejfTSvg‚Äù"
https://i.pinimg.com/474x/7f/2a/44/7f2a4407135df92a8c8573f1dabdac74--nike-shoes-cheap-nike-free-shoes.jpg,7f2a4407135df92a8c8573f1dabdac74--nike-shoes-cheap-nike-free-shoes.jpg,Egsmi Shoes on,"‚ÄúNike Free Runs For Women Only $20,Fashion Nike Roshe Running In Summer,Get it Press Link:https://t.co/QVOejfTSvg‚Äù"
https://i.pinimg.com/474x/a8/e5/6d/a8e56d05dbcd844052d020a051f1df33--nike-clothes-athletic-clothes.jpg,a8e56d05dbcd844052d020a051f1df33--nike-clothes-athletic-clothes.jpg,Egsmi Shoes on,"‚ÄúNike Free Runs For Women Only $20,Fashion Nike Roshe Running In Summer,Get it Press Link:https://t.co/QVOejfTSvg‚Äù"
https://i.pinimg.com/474x/83/44/ff/8344ff1e2a39d6d1b96c2ca94e924de5--cute-nike-shoes-nike-tennis-shoes.jpg,8344ff1e2a39d6d1b96c2ca94e924de5--cute-nike-shoes-nike-tennis-shoes.jpg,Egsmi Shoes on,"‚ÄúNike Free Runs For Women Only $20,Fashion Nike Roshe Running In Summer,Get it Press Link:https://t.co/QVOejfTSvg‚Äù"
https://i.pinimg.com/474x/ca/79/03/ca79037a0974f90c1e0e0ee3f333eaf3--running-shoes-nike-nike-free-shoes.jpg,ca79037a0974f90c1e0e0ee3f333eaf3--running-shoes-nike-nike-free-shoes.jpg,Egsmi Shoes on,"‚ÄúNike Free Runs For Women Only $20,Fashion Nike Roshe Running In Summer,Get it Press Link:https://t.co/QVOejfTSvg‚Äù"
https://i.pinimg.com/474x/4c/92/f9/4c92f9b4126d07d1d426f4e416ebf8eb--nike-outfits-school-outfits.jpg,4c92f9b4126d07d1d426f4e416ebf8eb--nike-outfits-school-outfits.jpg,Egsmi Shoes on,"‚ÄúNike Free Runs For Women Only $20,Fashion Nike Roshe Running In Summer,Get it Press Link:https://t.co/QVOejfTSvg‚Äù"
https://i.pinimg.com/474x/33/73/b7/3373b7f818b543a60c8499afdd4b7ed1--workout-attire-workout-wear.jpg,3373b7f818b543a60c8499afdd4b7ed1--workout-attire-workout-wear.jpg,Egsmi Shoes on,"‚ÄúNike Free Runs For Women Only $20,Fashion Nike Roshe Running In Summer,Get it Press Link:https://t.co/QVOejfTSvg‚Äù"
https://i.pinimg.com/474x/67/97/f8/6797f8b1850ed399a71f55d2b1ca7790--glitter-nikes-glitter-kicks-nike.jpg,6797f8b1850ed399a71f55d2b1ca7790--glitter-nikes-glitter-kicks-nike.jpg,Egsmi Shoes on,"‚ÄúNike Free Runs For Women Only $20,Fashion Nike Roshe Running In Summer,Get it Press Link:https://t.co/QVOejfTSvg‚Äù"
https://i.pinimg.com/474x/34/9d/17/349d170fe014ca9cb8e62f900a186925--nike-roshe-women-nike-roshe-run.jpg,349d170fe014ca9cb8e62f900a186925--nike-roshe-women-nike-roshe-run.jpg,Egsmi Shoes on,"‚ÄúNike Free Runs For Women Only $20,Fashion Nike Roshe Running In Summer,Get it Press Link:https://t.co/QVOejfTSvg‚Äù"
https://i.pinimg.com/474x/cd/63/6b/cd636bbaf2dd082441c55148efe6262d--nike-outlet-swag-outfits.jpg,cd636bbaf2dd082441c55148efe6262d--nike-outlet-swag-outfits.jpg,Egsmi Shoes on,"‚ÄúNike Free Runs For Women Only $20,Fashion Nike Roshe Running In Summer,Get it Press Link:https://t.co/QVOejfTSvg‚Äù"
https://i.pinimg.com/474x/21/5d/cd/215dcd024afbd82fd84b9bda69020179--cheap-nike-roshe-nike-roshe-shoes.jpg,215dcd024afbd82fd84b9bda69020179--cheap-nike-roshe-nike-roshe-shoes.jpg,Egsmi Shoes on,"‚ÄúNike Free Runs For Women Only $20,Fashion Nike Roshe Running In Summer,Get it Press Link:https://t.co/QVOejfTSvg‚Äù"
https://i.pinimg.com/474x/93/08/9c/93089c4091d41774b258a449a5ddd4ea--nike-roshe-shoes-running-shoes-nike.jpg,93089c4091d41774b258a449a5ddd4ea--nike-roshe-shoes-running-shoes-nike.jpg,Egsmi Shoes on,"‚ÄúNike Free Runs For Women Only $20,Fashion Nike Roshe Running In Summer,Get it Press Link:https://t.co/QVOejfTSvg‚Äù"
https://i.pinimg.com/474x/bb/57/67/bb5767efd9a2f203b5d4f5ffca957a1a--nike-womens-shoes-women-nike-shoes.jpg,bb5767efd9a2f203b5d4f5ffca957a1a--nike-womens-shoes-women-nike-shoes.jpg,Egsmi Shoes on,"‚ÄúNike Free Runs For Women Only $20,Fashion Nike Roshe Running In Summer,Get it Press Link:https://t.co/QVOejfTSvg‚Äù"
https://i.pinimg.com/474x/44/c9/3b/44c93bc05eec08f86531fab3ffb37188--nike-women-shoes-roshe-nike-women-outfits.jpg,44c93bc05eec08f86531fab3ffb37188--nike-women-shoes-roshe-nike-women-outfits.jpg,Egsmi Shoes on,"‚ÄúNike Free Runs For Women Only $20,Fashion Nike Roshe Running In Summer,Get it Press Link:https://t.co/QVOejfTSvg‚Äù"
https://i.pinimg.com/474x/51/7b/36/517b369b84617409516f156380945930--women-running-shoes-woman-running.jpg,517b369b84617409516f156380945930--women-running-shoes-woman-running.jpg,Egsmi Shoes on,"‚ÄúNike Free Runs For Women Only $20,Fashion Nike Roshe Running In Summer,Get it Press Link:https://t.co/QVOejfTSvg‚Äù"
https://i.pinimg.com/474x/5a/1a/1a/5a1a1a92bf4a6b5b17939dcb6297c664--women-nike-shoes-nike-free-shoes.jpg,5a1a1a92bf4a6b5b17939dcb6297c664--women-nike-shoes-nike-free-shoes.jpg,Egsmi Shoes on,"‚ÄúNike Free Runs For Women Only $20,Fashion Nike Roshe Running In Summer,Get it Press Link:https://t.co/QVOejfTSvg‚Äù"
https://i.pinimg.com/474x/69/8e/1b/698e1bcd6b307ca1c72b988dc2dff50a--air-force-shoes-air-force-one-outfit.jpg,698e1bcd6b307ca1c72b988dc2dff50a--air-force-shoes-air-force-one-outfit.jpg,Egsmi Shoes on,"‚ÄúNike Free Runs For Women Only $20,Fashion Nike Roshe Running In Summer,Get it Press Link:https://t.co/QVOejfTSvg‚Äù"
https://i.pinimg.com/474x/43/f2/0f/43f20fd7fb9712799c7e3d010eca8266--newest-nike-shoes-nike-shoes-cheap.jpg,43f20fd7fb9712799c7e3d010eca8266--newest-nike-shoes-nike-shoes-cheap.jpg,Egsmi Shoes on,"‚ÄúNike Free Runs For Women Only $20,Fashion Nike Roshe Running In Summer,Get it Press Link:https://t.co/QVOejfTSvg‚Äù"
https://i.pinimg.com/474x/ea/2a/dd/ea2add34a28d655ec28294f0f692560d--top-shoes-shoes-men.jpg,ea2add34a28d655ec28294f0f692560d--top-shoes-shoes-men.jpg,Egsmi Shoes on,"‚ÄúNike Free Runs For Women Only $20,Fashion Nike Roshe Running In Summer,Get it Press Link:https://t.co/QVOejfTSvg‚Äù"
https://i.pinimg.com/474x/c3/7a/b4/c37ab41fec84fe738f4d5156bc24c36c--ladies-leggings-capri-leggings.jpg,c37ab41fec84fe738f4d5156bc24c36c--ladies-leggings-capri-leggings.jpg,Egsmi Shoes on,"‚ÄúNike Free Runs For Women Only $20,Fashion Nike Roshe Running In Summer,Get it Press Link:https://t.co/QVOejfTSvg‚Äù"
https://i.pinimg.com/474x/3f/90/be/3f90bee4835e903b205658e6f87cd8dc--women-nike-shoes-running-shoes-nike.jpg,3f90bee4835e903b205658e6f87cd8dc--women-nike-shoes-running-shoes-nike.jpg,Egsmi Shoes on,"‚ÄúNike Free Runs For Women Only $20,Fashion Nike Roshe Running In Summer,Get it Press Link:https://t.co/QVOejfTSvg‚Äù"
https://i.pinimg.com/474x/24/62/62/246262a1875d96023f945f4269008ae4.jpg,246262a1875d96023f945f4269008ae4.jpg,,
https://i.pinimg.com/474x/98/e9/69/98e9692c6d54ef07e854b3e8b8bd5c31.jpg,98e9692c6d54ef07e854b3e8b8bd5c31.jpg,,
https://i.pinimg.com/474x/5a/38/9b/5a389b20e87b7031846412bb0f1f6c63.jpg,5a389b20e87b7031846412bb0f1f6c63.jpg,~ùëÇùëüùëñùëéùëõùëé ùëÄùëúùëúùëüùëöùëíùëñùëíùëü~ùôøùöàùöÉùôΩ,"-""ùô≥ùöòùöóùöçùöé ùôøùöäùö¢ùöùùöòùöó ùöúùöé ùöéùöóùöùùöéùöõùöä ùööùöûùöé ùöùùöíùöéùöóùöé ùöûùöóùöä ùöëùöíùöìùöä ùö¢ ùöùùöõùöäùöùùöä ùöçùöé ùöôùöäùöúùöäùöõ ùöùùöòùöçùöò ùöéùöï ùöùùöíùöéùöñùöôùöò ùöôùöòùöúùöíùöãùöïùöé ùöåùöòùöó ùöéùöïùöïùöä ùö¢ ùöúùöû ùöäùöñùöòùöõ ùöüùöéùöõùöçùöäùöçùöéùöõùöò"""
https://i.pinimg.com/474x/ea/7a/61/ea7a616ab36d9076475138c776f6d163.jpg,ea7a616ab36d9076475138c776f6d163.jpg,40 Awesome Vintage Nike Sneaker Ads You Don‚Äôt Remember,And you thought you knew kicks.
https://i.pinimg.com/474x/4e/af/a8/4eafa8ac00ad9e55c583e3c7f9936884.jpg,4eafa8ac00ad9e55c583e3c7f9936884.jpg,,
https://i.pinimg.com/474x/91/17/91/9117915d4db424936bbe53327a5b77bc.jpg,9117915d4db424936bbe53327a5b77bc.jpg,,
https://i.pinimg.com/474x/bf/78/14/bf78146d8f174c71998ed71546092c1e.jpg,bf78146d8f174c71998ed71546092c1e.jpg,My Curated Collection for Amazon's The Drop,"Ahh, I‚Äôm so happy it‚Äôs finally here! I‚Äôve been working with Amazon to create my own The Drop collection for months now and have been dying to share it with y‚Äôall. I personally love shopping anything that is released on The Drop, so of course, I jumped at the opportunity to put together my own curation of wardrobe essentials in the Staples by The Drop collection. Maybe my favorite part of‚Ä¶"
https://i.pinimg.com/474x/56/52/c8/5652c8706422053d6670af45908f2fbd.jpg,5652c8706422053d6670af45908f2fbd.jpg,My Curated Collection for Amazon's The Drop,"Ahh, I‚Äôm so happy it‚Äôs finally here! I‚Äôve been working with Amazon to create my own The Drop collection for months now and have been dying to share it with y‚Äôall. I personally love shopping anything that is released on The Drop, so of course, I jumped at the opportunity to put together my own curation of wardrobe essentials in the Staples by The Drop collection. Maybe my favorite part of‚Ä¶"
https://i.pinimg.com/474x/ab/85/ae/ab85aea618127c34a5dfbbfb3331eb6b.jpg,ab85aea618127c34a5dfbbfb3331eb6b.jpg,My Curated Collection for Amazon's The Drop,"Ahh, I‚Äôm so happy it‚Äôs finally here! I‚Äôve been working with Amazon to create my own The Drop collection for months now and have been dying to share it with y‚Äôall. I personally love shopping anything that is released on The Drop, so of course, I jumped at the opportunity to put together my own curation of wardrobe essentials in the Staples by The Drop collection. Maybe my favorite part of‚Ä¶"
https://i.pinimg.com/474x/b9/c8/f6/b9c8f609f478bc02b540269ba023c2fd.jpg,b9c8f609f478bc02b540269ba023c2fd.jpg,My Curated Collection for Amazon's The Drop,"Ahh, I‚Äôm so happy it‚Äôs finally here! I‚Äôve been working with Amazon to create my own The Drop collection for months now and have been dying to share it with y‚Äôall. I personally love shopping anything that is released on The Drop, so of course, I jumped at the opportunity to put together my own curation of wardrobe essentials in the Staples by The Drop collection. Maybe my favorite part of‚Ä¶"
https://i.pinimg.com/474x/20/07/6f/20076fcfe9fcde1c44d2021844dabd2e.jpg,20076fcfe9fcde1c44d2021844dabd2e.jpg,My Curated Collection for Amazon's The Drop,"Ahh, I‚Äôm so happy it‚Äôs finally here! I‚Äôve been working with Amazon to create my own The Drop collection for months now and have been dying to share it with y‚Äôall. I personally love shopping anything that is released on The Drop, so of course, I jumped at the opportunity to put together my own curation of wardrobe essentials in the Staples by The Drop collection. Maybe my favorite part of‚Ä¶"
https://i.pinimg.com/474x/9c/61/72/9c6172387be42a93f4163e3068a676f7.jpg,9c6172387be42a93f4163e3068a676f7.jpg,My Favorite Restaurants in Aspen,"I‚Äôve been going to Aspen since I was a kid with my family and now with Duncan and Four, so I‚Äôve definitely come to learn which restaurants are great in the cozy ski town. Even though Aspen is considered a ‚Äúsmall town,‚Äù it actually has some really great places to eat and shop. Downtown Aspen is one of my favorite places ever! Through the years, I‚Äôve seen some shops and‚Ä¶"
https://i.pinimg.com/474x/01/42/7d/01427da07a0078c860bb531085d8abbe.jpg,01427da07a0078c860bb531085d8abbe.jpg,55 Chic Fall Outfit Ideas You‚Äôll Absolutely Love,"When all the leaves are brown and the sky is gray, you can be a hero who will brighten up the bleak season. What can work better than fashion? See how you can add some shine to your murky days with our fall outfit ideas."
https://i.pinimg.com/474x/5e/cb/43/5ecb432db9a2c9c5c984f3eff03f3ccc.jpg,5ecb432db9a2c9c5c984f3eff03f3ccc.jpg,10+ Cozy Winter Outfits To Copy ASAP,Explore black v-neck long-sleeved top and gray fur coat. Click to discover these 10+ cozy winter outfits to copy asap
https://i.pinimg.com/474x/19/a4/00/19a4006d31b2bfabb97f7213d0db4bb6.jpg,19a4006d31b2bfabb97f7213d0db4bb6.jpg,150 Fall Outfits to Shop Now Vol. 2,"Fall outfits to inspire yourself and look beautiful, always."
https://i.pinimg.com/474x/c5/8d/3f/c58d3f3f2d592256e49e3ae9af1ff648.jpg,c58d3f3f2d592256e49e3ae9af1ff648.jpg,ùêéùêßùê•ùê≤ ùêáùê¢ùê¨,"""Bella, pack your things and meet me in my car."" He gritted out and turned around to walk out of my house. He can't just do this against my will. I take a deep breath and try again. ""B-but I d-don't want t-to."" I stutter quietly and immediately look down, regretting my words. He slowly, scarily turned around to face me and chuckled darkly. ""But my love, you never had a choice."" ‚Ä¢‚Ä¢‚Ä¢‚Ä¢ Isabella Grace Lightwood. The definition of innocence. She's your typical 17 year old good and nice girl. Shy bookworm, perfect grades, doesn't party or sleep around with boys. She is completely clueless about things like make-up or boyfriends. She loves helping others and is kind to everyone. Leon Hunter Black. 19 years old. The definition of danger. He's the most feared guy in Bella's town and all over the world too. He has it all - money, good looks, power, you name it. Everyone is scared of him because of his dark appearance and his ruthless behaviour. Isabella is sure he is a cruel and heartless human. But is he really? What will happen when these two opposites cross paths? Everything is going to change when Bella catches the interest of the infamous Leon Black. But not everything is as bad as it seems... *** IT'S NOT THAT CLICH√â, IT WILL GET BETTER!"
https://i.pinimg.com/474x/37/35/c1/3735c197d6ad980d1633876c2f95b4b8.jpg,3735c197d6ad980d1633876c2f95b4b8.jpg,,
https://i.pinimg.com/474x/91/eb/e5/91ebe51c04930b945b731f59d7784292.jpg,91ebe51c04930b945b731f59d7784292.jpg,Looks Estilosos Para Usar No Outono Inverno,Looks Estilosos Para Usar No Outono - Uma das esta√ß√µes mais frias do ano est√° chegando e que tal se inspirar em v√°rios looks fofos
https://i.pinimg.com/474x/6e/28/4c/6e284c0f42514f0330d174596e62572a.jpg,6e284c0f42514f0330d174596e62572a.jpg,Her Vampire King,"‚ôö ‚ôõ ‚ùùBeloved. My beast growled. I quickly sprinted in the scent's direction impatiently to see my beautiful beloved and Queen. The scent lead me to a cell that is used for werewolves, silver bars, wolf bane enhanced smoke machine etc. I looked inside to see a small petite girl sitting curled up against a man, a sudden possessiveness came over me as I watched him hold her close. I sniffed the air again to calm down smelling a Rogue wolf scent mixed within, I suddenly remember the two Rogue wolves that trespassed onto my land last night. My Beloved is a werewolf.‚ùû ‚ôö ‚ôõ Copyright ¬© 2019-2020 ‚ôö ‚ôõ COMPLETED ‚ôö ‚ôõ Note: This book will be thoroughly edited later on, so consider this a first draft."
https://i.pinimg.com/474x/d9/aa/dd/d9aadd76b485e6dd3a2a642a6673a13c.jpg,d9aadd76b485e6dd3a2a642a6673a13c.jpg,Is This Family?,"Katherine Jane, a simple and sweet loving girl. Everybody loves her....No. Nobody loves her. She always thought that if she gives love to everyone, everyone will love her. But she couldn't understand the harsh reality of the world. She was depressed and alone. Not to mention the constant verbal abuse from her mother. Yes, she has a birth mother but she doesn't care for her daughter. For her she is just a stomach she has to fill. Kat's only escape from this hateful world was her art. She is very smart and talented. Too pure for the world. The pain was excruciating and she was cracking under it. Until one day a knock on her door changes her life. But is it for good? Who knows... Turns out she has...brothers...6 of them. Disgustingly rich brothers. And they want to take her in. After a long time she sees hope. To be loved and taken care of. But she doesn't know she is in for another rejection and pain all over again. Will this rejection ever turn into love? Something she has never felt? Will she be able to win them? Or will they crush her until she finally gives up? Dive into the story of the Wright family. Get in for an emotional rollercoaster. One filled with pain towards love. Love. CONTAINS SWEARING."
https://i.pinimg.com/474x/ec/e6/11/ece611369297e8deadffb1e417dd89c7.jpg,ece611369297e8deadffb1e417dd89c7.jpg,‚òªÔ∏é ùöùùöëùöé ùöëùö¢ùöôùöé ùöëùöòùöûùöúùöé ‚û™ ùöùùöòùöóùö¢ ùöïùöòùöôùöéùö£ ‚òªÔ∏é,‚òªÔ∏é ùóºùóπùó∂ùòÉùó∂ùóÆ ùòÅùóÆùóªùóªùó≤ùóø ùó∂ùòÄ ùó∂ùóªùòÉùó∂ùòÅùó≤ùó± ùòÅùóº ùó∑ùóºùó∂ùóª ùòÅùóµùó≤ ùóµùòÜùóΩùó≤ ùóµùóºùòÇùòÄùó≤. ‚òªÔ∏é ‚òªÔ∏é ùó≤ùòÉùó≤ùóøùòÜùòÅùóµùó∂ùóªùó¥ ùó∂ùòÄ ùóªùóºùóøùó∫ùóÆùóπ ùòÇùóªùòÅùó∂ùóπ ùòÜùóºùòÇ ùó≥ùóÆùóπùóπ ùó≥ùóºùóø ùóÆ ùó∞ùó≤ùóøùòÅùóÆùó∂ùóª ùòÅùó∂ùó∏ùòÅùóºùó∏ ùóØùóºùòÜ. ‚òªÔ∏é temporarily discontinued
https://i.pinimg.com/474x/c5/b5/e0/c5b5e0003f69808393b250434c980064.jpg,c5b5e0003f69808393b250434c980064.jpg,,
https://i.pinimg.com/474x/80/bf/80/80bf801024f1bc652f5d2daf3c956d03.jpg,80bf801024f1bc652f5d2daf3c956d03.jpg,Chic Fall Outfits for Autumn 2021,We have rounded up some of our favourite fall fashions for Autumn 2021. Check out these chic fall outfits for Autumn 2021.
https://i.pinimg.com/474x/b6/d6/7d/b6d67d5281b6fe14626279c988457def.jpg,b6d67d5281b6fe14626279c988457def.jpg,5 motivos para apostar em uma jaqueta com pelos,"Se voc√™, assim como n√≥s, √© uma fashionista de carteirinha, ent√£o com certeza tem uma jaqueta em denim em seu arm√°rio, n√£o √© mesmo? Parte do guarda-roupa de toda it-girl, n√£o importe seu estilo, a pe√ßa √© vers√°til e deixa seu visual cool em quest√£o de segundos. Mas muito al√©m dela, as vers√µes repaginadas que chegam [‚Ä¶]"
https://i.pinimg.com/474x/31/3d/f3/313df3e2623c36050657eb8045dba7d0.jpg,313df3e2623c36050657eb8045dba7d0.jpg,YELLOW ‚îÄ‚îÄ the vampire diaries,ùêòùêÑùêãùêãùêéùêñ | aria gilbert's life forever changed when her parents car went off whickery bridge. her life is weird enough with her strange dreams of a man with pointy teeth but when her sister begins dating the new guy in town everything changes. will aria meet the mysterious man of her dreams or fall victim to the supernatural forces around her? ùê¨ùêûùêöùê¨ùê®ùêß ùê®ùêßùêû - ùê¨ùêûùêöùê¨ùê®ùêß ùê≠ùê°ùê´ùêûùêû ùê®ùêü ùê≠ùê°ùêû ùêØùêöùê¶ùê©ùê¢ùê´ùêû ùêùùê¢ùêöùê´ùê¢ùêûùê¨ ùêüùêûùê¶ùê®ùêú ùê± ùê§ùê®ùê• ùê¶ùê¢ùê§ùêöùêûùê•ùê¨ùê®ùêß THIS BOOK WAS DISCONTINUED @mysundropflower
https://i.pinimg.com/474x/af/5a/fe/af5afefb6da53b212a4aa3472d624152.jpg,af5afefb6da53b212a4aa3472d624152.jpg,60 looks de outono e inverno para inspirar,"Manter-se estilosa, por√©m quentinha, em dias frios pode parecer um desafio e tanto. Mas, com alguns truques de estilo e ajustes em tecidos e modelagens, o outono e inverno podem sim render looks confort√°veis e, ainda assim, com muita informa√ß√£o de moda. Que tal se inspirar nas 60 ideias de looks outono inverno √† seguir e usar os seus favoritos? C√ìDIGO DE CONSULTORA C&A 2022 PARA DESCONTO: MAINABELLI n√£o deixe de usar meu c√≥digo de consultora c&a 2022 para ganhar descontos de no m√≠nimo 10% em suas compras no site da marca 60 looks outono inverno 2022 para testar esta temporada Super beijo, Mai. ‚ô° ‚Äî‚Äî‚Äî‚Äî‚Äî‚Äî‚Äî‚Äî‚Äî‚Äî‚Äî‚Äî- Me acompanhe tamb√©m nas redes sociais: INSTAGRAM | PINTEREST | FACEBOOK"
https://i.pinimg.com/474x/ca/2f/4e/ca2f4ef0ffe497e9526c57c7a313b9cf.jpg,ca2f4ef0ffe497e9526c57c7a313b9cf.jpg,,
https://i.pinimg.com/474x/a9/6b/71/a96b7139d49aa6b8e4904a71f26126e7.jpg,a96b7139d49aa6b8e4904a71f26126e7.jpg,21 Outfits I Have Really Loved This Week,Staying in doesn't mean you can't make an effort with your outfits. Be inspired by these outfit ideas for spring 2020.
https://i.pinimg.com/474x/b1/5e/fa/b15efa80d2ce277040a4b86cc71d15d9.jpg,b15efa80d2ce277040a4b86cc71d15d9.jpg,10 outfits con su√©ter tejido perfectos para d√≠as lluviosos y fr√≠os,Incorpora en tus outfits una de las mayores tendencias de este 2021
https://i.pinimg.com/474x/05/60/de/0560de66e88fac183abe430bfdc48d10.jpg,0560de66e88fac183abe430bfdc48d10.jpg,20+ Cute Sweater Outfits That Are Perfect For Winter & Fall,"Are you looking for cute sweater outfits that make you look effortlessly put together? If so, you'll love these casual outfit ideas!"
https://i.pinimg.com/474x/1a/5e/00/1a5e0088b6fbd24e4d2b6f112aca342c.jpg,1a5e0088b6fbd24e4d2b6f112aca342c.jpg,,
https://i.pinimg.com/474x/ff/b2/6d/ffb26dda573c8676061bff9ec502a406.jpg,ffb26dda573c8676061bff9ec502a406.jpg,,
https://i.pinimg.com/474x/10/41/05/104105b3dfb1d54a622b7b53eec8547e.jpg,104105b3dfb1d54a622b7b53eec8547e.jpg,,"PRE-ORDERS - ESTIMATED SHIPPING FROM 18TH OF APRIL We've created the perfect coat for you. A classic timeless design made of cashmere blended with wool for warmth and durability. This coat can be worn tied up or open from day to night. ¬†¬† Features-¬†The perfect camel colour- Created in Inner Mongolia Materials & Care- 30% cashmere blended with 70% merino wool- Dry clean only¬† Size & Fit- Model is 173cm tall, size XS¬†and is wearing a size¬†small¬†- True to size- We recommend to size up if you wish to layer and have the same fit as the model"
https://i.pinimg.com/474x/1f/78/9f/1f789fce2e9c85a9e93141e6525042be.jpg,1f789fce2e9c85a9e93141e6525042be.jpg,,
https://i.pinimg.com/474x/5a/81/12/5a8112e4659349a9d80bd9c6fe2373c2.jpg,5a8112e4659349a9d80bd9c6fe2373c2.jpg,,
https://i.pinimg.com/474x/54/02/8f/54028f48b649cc5357745b03ec9c9370.jpg,54028f48b649cc5357745b03ec9c9370.jpg,,
https://i.pinimg.com/474x/5f/bc/6c/5fbc6c3004b8f6ea4f813906800e1dd3.jpg,5fbc6c3004b8f6ea4f813906800e1dd3.jpg,"Plaid Contrast Windproof Coat - S, Grid","Do you like a plaid coat? This one will satisfy all your wishes. ~~~Details: Material: Woolen Style: Plaid Clothing Length: Regular Sleeve Length: Long SleeveSIZE(IN)SleeveBustLengthS23.637.433.2M24.039.433.5L24.441.333.9XL24.847.234.3Tips:Due to the many variations in monitors. the color in the image could look slightly different. please take physical design and color shall prevail.Please allow 0.4""-1"" differs due to manual measurement."
https://i.pinimg.com/474x/a2/fd/5a/a2fd5ad327bc1b9cd7ceeed504dc77f9.jpg,a2fd5ad327bc1b9cd7ceeed504dc77f9.jpg,,
https://i.pinimg.com/474x/7f/3d/b7/7f3db7206cb56a2963f10ee98703133b.jpg,7f3db7206cb56a2963f10ee98703133b.jpg,20 Cool and Cute Winter Outfits for Women,"Brr, it's cold in here! but it's not always easy to tug together cute winter outfits that satisfy your inner fashion girl, while staying warm enough for when you're on the go."
https://i.pinimg.com/474x/b7/4c/4e/b74c4ecd3f8c8545cdc6d1ebded05078.jpg,b74c4ecd3f8c8545cdc6d1ebded05078.jpg,10 Outfits To Wear This NYE,New Years Eye is one of the most exciting holidays when it comes to planning your fit for the night. Here are 10 Outfits To Wear This NYE to give you a little inspiration when shopping for the holiday!
https://i.pinimg.com/474x/61/55/97/6155974be29e35c2c9b69ec11ca9529c.jpg,6155974be29e35c2c9b69ec11ca9529c.jpg,10 Outfits To Wear This NYE,New Years Eye is one of the most exciting holidays when it comes to planning your fit for the night. Here are 10 Outfits To Wear This NYE to give you a little inspiration when shopping for the holiday!
https://i.pinimg.com/474x/83/18/d3/8318d30fb4bb714a911bcec824350602.jpg,8318d30fb4bb714a911bcec824350602.jpg,10 Fashion Pieces From Urban Outfitters You Need In Your Wardrobe,"No matter the time of the year, Urban Outfitters always delivers when it comes to selling on trend fashion and accessories that we can‚Äôt get enough of. Here are 10 Fashion Pieces From Urban Outfitters You Need In Your Wardrobe now before they sell out fast!"
https://i.pinimg.com/474x/f0/9c/80/f09c80fbe4c853812b6f2eba8080df3a.jpg,f09c80fbe4c853812b6f2eba8080df3a.jpg,8 Vintage Fashion Trends Making A Comeback,One of my favorite parts about the fashion industry is getting to see past trends come back to life. Here are 8 Vintage Fashion Trends Making A Comeback from all different years!
https://i.pinimg.com/474x/64/0f/65/640f653cff6235aed4727d4d16033646.jpg,640f653cff6235aed4727d4d16033646.jpg,10 Fashion Pieces From Urban Outfitters You Need In Your Wardrobe,"No matter the time of the year, Urban Outfitters always delivers when it comes to selling on trend fashion and accessories that we can‚Äôt get enough of. Here are 10 Fashion Pieces From Urban Outfitters You Need In Your Wardrobe now before they sell out fast!"
https://i.pinimg.com/474x/7e/d3/2d/7ed32d8c9468081d02566d498d42dd85.jpg,7ed32d8c9468081d02566d498d42dd85.jpg,8 Vintage Fashion Trends Making A Comeback,One of my favorite parts about the fashion industry is getting to see past trends come back to life. Here are 8 Vintage Fashion Trends Making A Comeback from all different years!
https://i.pinimg.com/474x/b7/4c/4e/b74c4ecd3f8c8545cdc6d1ebded05078.jpg,b74c4ecd3f8c8545cdc6d1ebded05078.jpg,10 Outfits To Wear This NYE,New Years Eye is one of the most exciting holidays when it comes to planning your fit for the night. Here are 10 Outfits To Wear This NYE to give you a little inspiration when shopping for the holiday!
https://i.pinimg.com/474x/a2/24/a8/a224a81f828c29e1db4dbeb4418ec8bb.jpg,a224a81f828c29e1db4dbeb4418ec8bb.jpg,Dressing for the Occasion: 5 Styles To Rock On A Night Out,Tired of the same party clothes? Try some of our in trend night looks and you won't be disappointed!
https://i.pinimg.com/474x/61/55/97/6155974be29e35c2c9b69ec11ca9529c.jpg,6155974be29e35c2c9b69ec11ca9529c.jpg,10 Outfits To Wear This NYE,New Years Eye is one of the most exciting holidays when it comes to planning your fit for the night. Here are 10 Outfits To Wear This NYE to give you a little inspiration when shopping for the holiday!
https://i.pinimg.com/474x/42/e0/2f/42e02f07baa708d6649bff0b91123840.jpg,42e02f07baa708d6649bff0b91123840.jpg,Dressing for the Occasion: 5 Styles To Rock On A Night Out,Tired of the same party clothes? Try some of our in trend night looks and you won't be disappointed!
https://i.pinimg.com/474x/49/e9/da/49e9daf1c0494a1f387bcc765b423da9.jpg,49e9daf1c0494a1f387bcc765b423da9.jpg,10 Ways To Glam Up Your Basic T-shirt,Tired of the same old outfits? Take your basic t-shirt and glam it up! Try out any of our 10 versatile looks that are guaranteed to leave you looking AMAZING.
https://i.pinimg.com/474x/85/01/cc/8501cc0753dd36c03e781e12af2b27a1.jpg,8501cc0753dd36c03e781e12af2b27a1.jpg,12 Winter Fashion Ideas You Can Rock This Season,"Winter fashion ideas are something to get excited about the seasons changing. Finding fun, new outfits for this upcoming winter season is a great way to get inspired!"
https://i.pinimg.com/474x/b7/fa/f9/b7faf9b6b59b7952ea3900b72dfe8e14.jpg,b7faf9b6b59b7952ea3900b72dfe8e14.jpg,Fashion Meets Comfort,"Let‚Äôs break down fashion meets comfort. Ever since a global pandemic struck the earth, the need for fashion has fallen from a priority to an inconvenience."
https://i.pinimg.com/474x/48/cc/92/48cc9291a70fe916aa81f4642ec5a879.jpg,48cc9291a70fe916aa81f4642ec5a879.jpg,,
https://i.pinimg.com/474x/92/40/91/924091bc6d0043da5772028e9874359e.jpg,924091bc6d0043da5772028e9874359e.jpg,10 Ways To Glam Up Your Basic T-shirt,Tired of the same old outfits? Take your basic t-shirt and glam it up! Try out any of our 10 versatile looks that are guaranteed to leave you looking AMAZING.
https://i.pinimg.com/474x/9f/22/77/9f2277419ab3d6365e6f3d82927be8fa.jpg,9f2277419ab3d6365e6f3d82927be8fa.jpg,Fashion Meets Comfort,"Let‚Äôs break down fashion meets comfort. Ever since a global pandemic struck the earth, the need for fashion has fallen from a priority to an inconvenience."
https://i.pinimg.com/474x/58/19/62/581962c82b1c049002b6a297a654f5a4.jpg,581962c82b1c049002b6a297a654f5a4.jpg,Quirky Professor,8863 views on Imgur: The magic of the Internet
https://i.pinimg.com/474x/a8/28/76/a82876486fdac196ab387099c76e9df1.jpg,a82876486fdac196ab387099c76e9df1.jpg,8 Clothing Brands That Are Used in Euphoria,Get these Euphoria fits before everyone else does! We'll tell you where to get the exact outfit.
https://i.pinimg.com/474x/51/b2/8b/51b28b493867e38a06cccef47ac2c1e3.jpg,51b28b493867e38a06cccef47ac2c1e3.jpg,8 Clothing Brands That Are Used in Euphoria,Get these Euphoria fits before everyone else does! We'll tell you where to get the exact outfit.
https://i.pinimg.com/474x/16/39/4d/16394d7203f04a62d4e594fa2976889e.jpg,16394d7203f04a62d4e594fa2976889e.jpg,Our Top Picks For Holiday Sweaters,"A cute, cozy, and warm holiday sweater is one way to fill up on the yuletide cheer. Take a look at our top picks for holiday sweaters, there's one for every person, even if you're somewhat of a Grinch."
https://i.pinimg.com/474x/4a/ef/11/4aef11a8c8b5a0ec6a7f19442a87ac13.jpg,4aef11a8c8b5a0ec6a7f19442a87ac13.jpg,Our Top Picks For Holiday Sweaters,"A cute, cozy, and warm holiday sweater is one way to fill up on the yuletide cheer. Take a look at our top picks for holiday sweaters, there's one for every person, even if you're somewhat of a Grinch."
https://i.pinimg.com/474x/5d/08/21/5d08219aec475b9f62d054b32c002389.jpg,5d08219aec475b9f62d054b32c002389.jpg,The Coziest Loungewear That Won't Break The Bank,"Loungwear is a staple to have in your wardrobe, especially when it comes to still being at home more often than before the start of the pandemic. Loungewear can be a bit pricey, but we're trying to help by choosing sets that won't break the bank."
https://i.pinimg.com/474x/68/c1/00/68c100df1c3b5800ca24982221d0a00b.jpg,68c100df1c3b5800ca24982221d0a00b.jpg,The Coziest Loungewear That Won't Break The Bank,"Loungwear is a staple to have in your wardrobe, especially when it comes to still being at home more often than before the start of the pandemic. Loungewear can be a bit pricey, but we're trying to help by choosing sets that won't break the bank."
https://i.pinimg.com/474x/fe/e3/a0/fee3a0ffb3b81a715bbd94fc1e255b27.jpg,fee3a0ffb3b81a715bbd94fc1e255b27.jpg,Must Have Boots This Winter Season,These boots are made for walkin' and that's just what they'll do. One of these days these boots are gonna ... be in your shopping cart 'cause they're just too darn cute!
https://i.pinimg.com/474x/b6/ce/36/b6ce36739c9e77be87acb1ca1ed7a382.jpg,b6ce36739c9e77be87acb1ca1ed7a382.jpg,,
https://i.pinimg.com/474x/86/78/c5/8678c540d6e738eda22a4f058a84fc67.jpg,8678c540d6e738eda22a4f058a84fc67.jpg,Must Have Boots This Winter Season,These boots are made for walkin' and that's just what they'll do. One of these days these boots are gonna ... be in your shopping cart 'cause they're just too darn cute!
https://i.pinimg.com/474x/d2/74/6c/d2746cdbd00df9fe19c8732d43831acb.jpg,d2746cdbd00df9fe19c8732d43831acb.jpg,Men's Must Have Loafers,Men's must have loafers! Check out these trending loafers perfect for gentlemen of all ages. These loafers are for sure going to be a staple in your wardrobe.
https://i.pinimg.com/474x/eb/58/4f/eb584f0eeb0cd7beebeddb037c81ef46.jpg,eb584f0eeb0cd7beebeddb037c81ef46.jpg,,
https://i.pinimg.com/474x/c1/03/bf/c103bf5706984f386ca96148219fdaaa.jpg,c103bf5706984f386ca96148219fdaaa.jpg,Style Rules With Coco Beautea,"Style blogger and YouTuber Hannah (aka @cocobeautea) has amassed almost 700k followers thanks to her effortlessly chic, neutral outfits. Here, she reveals how to keep minimal style interesting, her biggest wardrobe splurges and what she can‚Äôt live without‚Ä¶"
https://i.pinimg.com/474x/85/c6/20/85c620308f5d89e19a0337cd7090a04d.jpg,85c620308f5d89e19a0337cd7090a04d.jpg,,
https://i.pinimg.com/474x/8c/71/22/8c7122fd497656004ac99517bb4e00b7.jpg,8c7122fd497656004ac99517bb4e00b7.jpg,,
https://i.pinimg.com/474x/f0/f7/9d/f0f79dfebd868ca792cd76974d373963.jpg,f0f79dfebd868ca792cd76974d373963.jpg,,
